大項目,小項目,形式,レベル,問題文,解答,解説,資料タイトル,作成者
薬剤と疾患,精神神経・筋疾患,〇×問題,★,睡眠薬の服用後は、ふらつきによる転倒のリスクが高まるため、高齢者には特に注意が必要である。,〇,筋弛緩作用やふらつきは、高齢者の大腿骨骨折などの原因となります。,薬理学,AI
薬剤と疾患,精神神経・筋疾患,〇×問題,★★,パーキンソン病治療薬のレボドパは、食事の影響を受けやすく、特に高タンパク食で吸収が低下する。,〇,アミノ酸輸送系を介して吸収されるため、食事中のアミノ酸と競合します。,薬理学,AI
薬剤と疾患,精神神経・筋疾患,〇×問題,★★★,抗精神病薬の副作用である「悪性症候群」は、高熱や筋強剛を伴い、放置すると生命に関わる。,〇,直ちに休薬し、ダントロレンの投与などの処置が必要です。,病態生理学,AI
薬剤と疾患,精神神経・筋疾患,〇×問題,★★★★,SSRI（選択的セロトニン再取り込み阻害薬）は、投与開始直後に消化器症状が現れることがある。,〇,セロトニン受容体刺激により、吐き気や下痢などが起こることがあります。,薬理学,AI
薬剤と疾患,精神神経・筋疾患,4択問題 (単一選択),★,アルツハイマー型認知症治療薬のうち、NMDA受容体拮抗作用を持つものはどれか。,3|ドネペジル|ガランタミン|メマンチン|リバスチグミン,メマンチンのみがNMDA受容体拮抗薬です。,薬理学,AI
薬剤と疾患,精神神経・筋疾患,4択問題 (単一選択),★★★,リチウム中毒の初期症状として、適切でないものはどれか。,3|食欲不振|手の震え|頻脈|下痢,リチウム中毒では消化器症状や神経症状（震戦など）が出ますが、徐脈が典型的です。,添付文書,AI
薬剤と疾患,精神神経・筋疾患,4択問題 (単一選択),★★★★,三環系抗うつ薬（アミトリプチリン等）が閉塞隅角緑内障の患者に禁忌である理由はどれか。,2|血圧上昇作用|抗コリン作用|セロトニン増加作用|眠気,抗コリン作用により散瞳が起こり、眼圧が上昇するためです。,薬理学,AI
薬剤と疾患,精神神経・筋疾患,記述問題,★,ドーパミンの過剰が主な原因とされ、幻覚や妄想を主症状とする精神疾患は何か。,統合失調症,ドーパミンD2受容体遮断薬が治療の基本となります。,病態生理学,AI
薬剤と疾患,精神神経・筋疾患,記述問題,★★,抗精神病薬の長期服用により起こる、勝手に口を動かすなどの不随意運動を何というか。,遅発性ジスキネジア,錐体外路症状の中でも遅発性の副作用です。,薬理学,AI
薬剤と疾患,精神神経・筋疾患,記述問題,★★★,リチウム製剤（リーマス等）の併用により、リチウムの血中濃度を上昇させ中毒リスクを高める降圧薬の系統を1つ答えよ。,ACE阻害薬（またはARB、利尿薬）,腎排泄が抑制されるため注意が必要です。,実務,AI
薬剤と疾患,精神神経・筋疾患,記述問題,★★★★,てんかん重積状態において、第一選択として静脈内投与されるベンゾジアゼピン系薬剤は何か。,ジアゼパム（またはロラゼパム）,速効性の止痙作用を期待して投与されます。,治療学,AI
薬剤と疾患,骨・関節疾患,〇×問題,★,痛風発作（急性期）には、尿酸値を下げる薬（アロプリノール等）を直ちに開始すべきである。,×,発作中に尿酸値を変動させると症状が悪化するため、急性期は消炎鎮痛剤を優先します。,治療学,AI
薬剤と疾患,骨・関節疾患,〇×問題,★★,ビスホスホネート製剤は、吸収を良くするために食後すぐに服用するのが正しい。,×,吸収が著しく悪いため、起床時に水で服用し、30分は横にならず飲食を避けます。,実務,AI
薬剤と疾患,骨・関節疾患,〇×問題,★★★,関節リウマチの治療で用いられるメトトレキサートは、副作用予防のために葉酸を併用することがある。,〇,骨髄抑制や口内炎などの副作用を軽減するために葉酸を投与します。,薬理学,AI
薬剤と疾患,骨・関節疾患,〇×問題,★★★★,デノスマブ（プラリア）の投与開始前には、低カルシウム血症の予防としてカルシウム剤を併用することが多い。,〇,急激なカルシウムの取り込みにより低Ca血症を起こすリスクがあります。,添付文書,AI
薬剤と疾患,骨・関節疾患,4択問題 (単一選択),★,骨粗鬆症治療において、腸管からのカルシウム吸収を促進する薬剤はどれか。,4|カルシトニン|エストロゲン|テリパラチド|活性型ビタミンD3,ビタミンD3がCa吸収を助けます。,薬理学,AI
薬剤と疾患,骨・関節疾患,4択問題 (単一選択),★★,非ステロイド性抗炎症薬（NSAIDs）の副作用である胃粘膜障害の主な機序はどれか。,2|アセチルコリンの増加|プロスタグランジンの生成抑制|ガストリンの分泌刺激|粘液の直接破壊,COX阻害により粘膜保護作用のあるPGが減少します。,薬理学,AI
薬剤と疾患,骨・関節疾患,4択問題 (単一選択),★★★,痛風発作の予兆期に用いられ、白血球の遊走を抑制する薬剤はどれか。,1|コルヒチン|プロベネシド|ベンズブロマロン|フェブキソスタット,コルヒチンが微小管重合を阻害し遊走を抑えます。,薬理学,AI
薬剤と疾患,骨・関節疾患,4択問題 (単一選択),★★★★,関節リウマチ治療に用いられる生物学的製剤のうち、IL-6受容体を遮断するものはどれか。,3|インフリキシマブ|エタネルセプト|トシリズマブ|アダリムマブ,トシリズマブがIL-6受容体拮抗薬です。,薬理学,AI
薬剤と疾患,骨・関節疾患,記述問題,★,骨量が減少し、骨折しやすくなる病態を漢字4文字で答えよ。,骨粗鬆症,加齢や閉経が主な原因となります。,病態生理学,AI
薬剤と疾患,骨・関節疾患,記述問題,★★,ビスホスホネート製剤の重篤な副作用として、歯科治療時などに特に注意が必要な部位の症状は何か。,顎骨壊死,抜歯などの侵襲的な歯科処置でリスクが上がります。,実務,AI
薬剤と疾患,骨・関節疾患,記述問題,★★★,腎排泄型の尿酸排泄促進薬で、尿路結石を防ぐために併用される「尿アルカリ化剤」の代表例は何か。,クエン酸カリウム・クエン酸ナトリウム配合剤（ウラリット等）,酸性尿での尿酸結石を防ぎます。,実務,AI
薬剤と疾患,骨・関節疾患,記述問題,★★★★,活性型ビタミンD3製剤の服用中に、定期的にモニタリングすべき血液検査項目は何か。,血清カルシウム値,高カルシウム血症の早期発見が重要です。,実務,AI
薬剤と疾患,免疫疾患,〇×問題,★,ステロイドを長期服用している患者では、感染症にかかりやすくなる（易感染性）。,〇,免疫抑制作用により、通常の感染症だけでなく日和見感染にも注意が必要です。,薬理学,AI
薬剤と疾患,免疫疾患,〇×問題,★★,シクロスポリンを服用中の患者は、代謝酵素CYP3A4を阻害するグレープフルーツジュースを避けるべきである。,〇,血中濃度が上昇し、腎毒性などの副作用が出る恐れがあります。,実務,AI
薬剤と疾患,免疫疾患,〇×問題,★★★,アナフィラキシーショックが発生した際、第一選択としてアドレナリンを静脈内投与する。,×,原則として「筋肉内注射」が推奨されます。静注は緊急時の専門医の判断となります。,実務,AI
薬剤と疾患,免疫疾患,〇×問題,★★★★,全身性エリテマトーデス（SLE）は、自己抗体によるIII型アレルギー（免疫複合体型）が関与する疾患である。,〇,免疫複合体が組織に沈着し、炎症を引き起こします。,病態生理学,AI
薬剤と疾患,心臓・血管系疾患,〇×問題,★,ワーファリン服用中の患者は、ビタミンKを多く含む納豆の摂取を避ける必要がある。,〇,ビタミンKがワーファリンの作用を拮抗（減弱）させます。,実務,AI
薬剤と疾患,心臓・血管系疾患,〇×問題,★★,ACE阻害薬（エナラプリル等）の代表的な副作用である「空咳」は、ブラジキニンの蓄積が原因である。,〇,ACEがブラジキニンの分解も行っているため、阻害により蓄積します。,薬理学,AI
薬剤と疾患,心臓・血管系疾患,〇×問題,★★★,HMG-CoA還元酵素阻害薬（スタチン系）を服用中に筋肉痛が現れた場合、横紋筋融解症の初期症状の可能性がある。,〇,筋肉の破壊によりCPKが上昇します。直ちに医師への連絡が必要です。,病態生理学,AI
薬剤と疾患,心臓・血管系疾患,〇×問題,★★★★,心不全治療に用いられるジギタリス製剤は、血清カリウム値が低下すると中毒が起こりやすくなる。,〇,K低下によりジギタリスの結合部位が増え、作用が強まり中毒を招きます。,薬理学,AI
薬剤と疾患,心臓・血管系疾患,4択問題 (単一選択),★,血圧を下げる「カルシウム拮抗薬」の主な作用機序はどれか。,2|心拍数の増加|血管平滑筋の弛緩|血液量の減少|交感神経の遮断,L型Caチャネルを遮断し血管を広げます。,薬理学,AI
薬剤と疾患,心臓・血管系疾患,4択問題 (単一選択),★★,抗不整脈薬のVaughan Williams分類において、クラスIbに属し、心室性不整脈の緊急時に用いられるのはどれか。,1|リドカイン|プロカインアミド|プロパフェノン|ベラパミル,リドカインはIb群の代表です。,薬理学,AI
薬剤と疾患,心臓・血管系疾患,4択問題 (単一選択),★★★,アンジオテンシンII受容体拮抗薬（ARB）の重大な副作用として、定期的にモニタリングすべき血液データはどれか。,4|血小板減少|低カリウム血症|低ナトリウム血症|高カリウム血症,腎排泄抑制により血清K値が上昇することがあります。,実務,AI
薬剤と疾患,心臓・血管系疾患,4択問題 (単一選択),★★★★,狭心症の治療に用いられるニトログリセリン舌下錠を、飲み込まずに舌下で溶かす最大の理由はどれか。,3|味を感じにくくするため|胃粘膜刺激を避けるため|肝臓での初回通過効果を避けるため|唾液と反応させるため,直接吸収されることで肝臓を通らず全身へ回ります。,薬理学,AI
薬剤と疾患,心臓・血管系疾患,記述問題,★,血液を固まりにくくし、脳梗塞などの予防に用いられる「抗血小板薬」の代表的な成分名は何か。,アスピリン,バイアスピリンなどが該当します。,薬理学,AI
薬剤と疾患,心臓・血管系疾患,記述問題,★★,心臓の冠動脈が一時的に狭くなり、胸の痛みや圧迫感が生じる病態を何というか。,狭心症,心筋梗塞への移行に注意が必要です。,病態生理学,AI
薬剤と疾患,心臓・血管系疾患,記述問題,★★★,カルシウム拮抗薬の副作用として、歯科検診などで指摘されることがある歯肉の症状は何か。,歯肉肥厚（または歯肉増殖）,ニフェジピンなどで報告が多い副作用です。,実務,AI
薬剤と疾患,心臓・血管系疾患,記述問題,★★★★,心原性ショック等の緊急時に点滴静注され、β1受容体を選択的に刺激して心収縮力を高める薬剤は何か。,ドブタミン,強力な心機能改善を期待して用いられます。,薬理学,AI
薬剤と疾患,腎・泌尿器疾患,〇×問題,★,ループ利尿薬（フロセミド等）は、低カリウム血症を引き起こすリスクがある。,〇,尿中へのK排泄を促進するためです。,薬理学,AI
薬剤と疾患,腎・泌尿器疾患,〇×問題,★★,腎機能低下患者（eGFR 30未満等）では、多くの薬剤で投与量や投与間隔の調節が必要である。,〇,腎排泄型薬剤は蓄積しやすく中毒のリスクがあります。,実務,AI
薬剤と疾患,腎・泌尿器疾患,〇×問題,★★★,前立腺肥大症の治療薬であるα1遮断薬は、副作用として低血圧を起こすことがある。,〇,血管のα1受容体も遮断するため、立ちくらみなどに注意が必要です。,薬理学,AI
薬剤と疾患,腎・泌尿器疾患,〇×問題,★★★★,ネフローゼ症候群では、血液中のタンパク質（アルブミン）が尿中に漏れ出るため、低タンパク血症を呈する。,〇,これにより浮腫や脂質異常症が起こります。,病態生理学,AI
薬剤と疾患,腎・泌尿器疾患,4択問題 (単一選択),★,糸球体での濾過機能を評価する指標として、現在最も一般的に用いられる数値はどれか。,3|血圧|血糖値|eGFR|尿酸値,推算糸球体濾過量が指標となります。,実務,AI
薬剤と疾患,腎・泌尿器疾患,4択問題 (単一選択),★★,カリウム保持性利尿薬であり、アルドステロン受容体拮抗作用を持つのはどれか。,1|スピロノラクトン|フロセミド|ヒドロクロロチアジド|アセタゾラミド,スピロノラクトンが該当します。,薬理学,AI
薬剤と疾患,腎・泌尿器疾患,4択問題 (単一選択),★★★,腎性貧血の治療において、エリスロポエチン製剤投与時に欠乏しやすい成分はどれか。,2|カルシウム|鉄|ビタミンB12|葉酸,赤血球産生が活発になるため鉄が消費されます。,病態生理学,AI
薬剤と疾患,腎・泌尿器疾患,4択問題 (単一選択),★★★★,慢性腎臓病（CKD）において、リンの吸着剤（沈降炭酸カルシウム等）を服用するタイミングはどれか。,1|食直後|就寝前|空腹時|起床時,食事中のリンと結合させるため食直後が最適です。,実務,AI
薬剤と疾患,腎・泌尿器疾患,記述問題,★,腎機能が極度に低下し、機械で血液を浄化・除水する治療を何というか。,血液透析,週に数回の通院が必要となります。,病態生理学,AI
薬剤と疾患,腎・泌尿器疾患,記述問題,★★,糖尿病性腎症の進行を抑えるために用いられる、蛋白尿を減少させる作用を持つ降圧薬の系統を1つ答えよ。,ACE阻害薬（またはARB）,輸出細動脈を拡張させ糸球体内圧を下げます。,治療学,AI
薬剤と疾患,腎・泌尿器疾患,記述問題,★★★,抗コリン作用を持つ薬剤（抗ヒスタミン薬等）が前立腺肥大症の患者に禁忌である理由は。,尿閉を引き起こす恐れがあるため,膀胱平滑筋の収縮を抑制し、排尿困難が悪化します。,薬理学,AI
薬剤と疾患,腎・泌尿器疾患,記述問題,★★★★,腎毒性が強く、TDM（血中濃度モニタリング）が必須なアミノグリコシド系抗菌薬の代表例は何か。,アミカシン（またはゲンタマイシン）,腎障害や聴力障害を避けるために濃度調整します。,実務,AI
薬剤と疾患,産科婦人科疾患,〇×問題,★,妊娠を希望する女性が葉酸を摂取することは、胎児の神経管閉鎖障害のリスク低減に有効である。,〇,妊娠前からの積極的な摂取が推奨されます。,公衆衛生学,AI
薬剤と疾患,産科婦人科疾患,〇×問題,★★,妊婦に禁忌とされる降圧薬の系統には、ARB（アンジオテンシンII受容体拮抗薬）が含まれる。,〇,胎児の腎機能障害や羊水過少症の原因となります。,添付文書,AI
薬剤と疾患,産科婦人科疾患,〇×問題,★★★,更年期障害のホルモン補充療法（HRT）において、子宮を有する女性にはエストロゲンと黄体ホルモンを併用する。,〇,エストロゲン単独では子宮体がんのリスクが上昇するためです。,病態生理学,AI
薬剤と疾患,産科婦人科疾患,〇×問題,★★★★,低用量ピル（経口避妊薬）の重大な副作用として、血栓症がある。,〇,喫煙者や高齢者では特にリスクが高まります。,実務,AI
薬剤と疾患,産科婦人科疾患,4択問題 (単一選択),★,妊娠初期に過剰摂取すると胎児への催奇形性が懸念されるビタミンはどれか。,3|ビタミンB1|ビタミンC|ビタミンA|ビタミンE,レチノールの過剰摂取に注意が必要です。,病態生理学,AI
薬剤と疾患,産科婦人科疾患,4択問題 (単一選択),★★,妊婦の解熱鎮痛剤として、最も安全性が高く一般的に用いられるのはどれか。,4|ロキソプロフェン|アスピリン|インドメタシン|アセトアミノフェン,アセトアミノフェンが第一選択となります。,実務,AI
薬剤と疾患,産科婦人科疾患,4択問題 (単一選択),★★★,子宮収縮を抑制し、切迫流産・早産の治療に用いられるβ2刺激薬はどれか。,2|オキシトシン|リトドリン|メチルエルゴメトリン|プロスタグランジン,リトドリンが該当します。,薬理学,AI
薬剤と疾患,産科婦人科疾患,4択問題 (単一選択),★★★★,緊急避妊薬（レボノルゲストレル）は、行為後何時間以内の服用が必要か。,4|12時間|24時間|48時間|72時間,72時間以内ですが、早いほど効果が高いです。,添付文書,AI
薬剤と疾患,産科婦人科疾患,記述問題,★,授乳中の母親が服用した薬が、母乳を通じて乳児へ移行することを何というか。,母乳移行,薬剤の脂溶性や分子量などが関与します。,薬物動態学,AI
薬剤と疾患,産科婦人科疾患,記述問題,★★,胎児に最も影響が出やすい（器官形成期）、妊娠4週から7週頃の期間を何というか。,絶対過敏期,催奇形性リスクが最も高い時期です。,病態生理学,AI
薬剤と疾患,産科婦人科疾患,記述問題,★★★,多嚢胞性卵巣症候群（PCOS）の排卵誘発補助に用いられる、インスリン抵抗性改善薬は何か。,メトホルミン,排卵率の向上が期待されます。,治療学,AI
薬剤と疾患,産科婦人科疾患,記述問題,★★★★,産後などの子宮出血を抑えるために用いられる、子宮収縮薬の代表例は。,メチルエルゴメトリン（またはオキシトシン）,子宮平滑筋を収縮させ止血します。,薬理学,AI
薬剤と疾患,呼吸器疾患,〇×問題,★,喘息治療に用いる吸入ステロイド薬の使用後は、口腔内カンジダ症予防のためにうがいをすべきである。,〇,局所の免疫低下による副作用を防ぎます。,実務,AI
薬剤と疾患,呼吸器疾患,〇×問題,★★,気管支拡張薬のテオフィリンは有効域が狭く、血中濃度モニタリング（TDM）が必要な薬剤である。,〇,痙攣や不整脈などの中毒症状を避けるためです。,実務,AI
薬剤と疾患,呼吸器疾患,〇×問題,★★★,鎮咳薬のコデインリン酸塩は、12歳未満の小児に対して禁忌である。,〇,呼吸抑制のリスクがあるため、2019年より禁忌となりました。,安全性情報,AI
薬剤と疾患,呼吸器疾患,〇×問題,★★★★,間質性肺炎の副作用が疑われる場合、直ちに原因薬を中止し、必要に応じてステロイドパルス療法を行う。,〇,急速に進行することがあるため緊急の対応が必要です。,治療学,AI
薬剤と疾患,呼吸器疾患,4択問題 (単一選択),★,喘息発作（急性増悪）時に、気道を広げるために吸入される薬剤系統はどれか。,1|短時間作用性β2刺激薬|吸入ステロイド薬|長時間作用性β2刺激薬|抗コリン薬,SABA（サルブタモール等）を吸入します。,治療学,AI
薬剤と疾患,呼吸器疾患,4択問題 (単一選択),★★,去痰薬のうち、痰の粘稠度を下げる「粘液溶解薬」はどれか。,3|アンブロキソール|ブロムヘキシン|アセチルシステイン|カルボシステイン,ジスルフィド結合を切断し粘度を下げます。,薬理学,AI
薬剤と疾患,呼吸器疾患,4択問題 (単一選択),★★★,COPD（慢性閉塞性肺疾患）の治療において、第一選択となる吸入薬の系統はどれか。,2|吸入ステロイド|吸入抗コリン薬|抗ロイコトリエン薬|テオフィリン,LAMA（長時間作用性抗コリン薬）が推奨されます。,ガイドライン,AI
薬剤と疾患,呼吸器疾患,4択問題 (単一選択),★★★★,モンテルカスト（抗ロイコトリエン薬）の主な作用部位（受容体）はどれか。,4|H1受容体|M3受容体|β2受容体|CysLT1受容体,ロイコトリエン受容体を拮抗します。,薬理学,AI
薬剤と疾患,呼吸器疾患,記述問題,★,気管支が慢性的に炎症を起こし、発作性の喘鳴や呼吸困難を呈する疾患は何か。,気管支喘息,吸入ステロイドによる管理が基本です。,病態生理学,AI
薬剤と疾患,呼吸器疾患,記述問題,★★,肺炎の原因となる代表的な菌で、ワクチン定期接種の対象にもなっている菌は。,肺炎球菌,高齢者や小児で重症化しやすいです。,微生物学,AI
薬剤と疾患,呼吸器疾患,記述問題,★★★,肺がん（小細胞がん）の化学療法において、シスプラチンと併用されることが多いトポイソメラーゼ阻害薬は。,エトポシド,代表的な標準療法です。,治療学,AI
薬剤と疾患,呼吸器疾患,記述問題,★★★★,抗結核薬のリファンピシンを服用中の患者で、尿や涙が赤橙色に着色する現象を何というか。,異常ではない（または排泄物の着色）,リファンピシン自体の色によるもので、心配ないことを伝えます。,実務,AI
薬剤と疾患,消化器疾患,〇×問題,★,プロトンポンプ阻害薬（PPI）は、胃酸の分泌を強力に抑制する薬剤である。,〇,胃潰瘍や逆流性食道炎に用いられます。,薬理学,AI
薬剤と疾患,消化器疾患,〇×問題,★★,胃粘膜保護薬のスクラルファートは、空腹時よりも食直後の服用が効果的である。,×,潰瘍部位に直接結合するため、空腹時の方が効果的です。,実務,AI
薬剤と疾患,消化器疾患,〇×問題,★★★,ロペラミドなどの強力な止瀉薬は、細菌性下痢症（食中毒等）の際には原則使用を控える。,〇,毒素の排出を遅らせ、症状を悪化させる恐れがあります。,治療学,AI
薬剤と疾患,消化器疾患,〇×問題,★★★★,ヘリコバクター・ピロリの除菌には、PPI、アモキシシリン、クラリスロマイシンの3剤が用いられる。,〇,1週間の連続服用が必要です。,ガイドライン,AI
薬剤と疾患,消化器疾患,4択問題 (単一選択),★,浸透圧性下剤として用いられ、便を柔らかくする薬剤はどれか。,1|酸化マグネシウム|センノシド|ビサコジル|ピコスルファート,水分を保持し便を軟化させます。,薬理学,AI
薬剤と疾患,消化器疾患,4択問題 (単一選択),★★,H2受容体拮抗薬（ファモチジン等）が作用する受容体が存在する細胞はどれか。,2|主細胞|壁細胞|G細胞|粘液細胞,壁細胞のH2受容体を遮断し酸分泌を抑えます。,生理学,AI
薬剤と疾患,消化器疾患,4択問題 (単一選択),★★★,肝性脳症の治療に用いられ、腸内のアンモニア吸収を抑える非吸収性の二糖類は。,4|乳糖|果糖|ブドウ糖|ラクツロース,腸内を酸性化しアンモニア生成を抑えます。,治療学,AI
薬剤と疾患,消化器疾患,4択問題 (単一選択),★★★★,潰瘍性大腸炎の治療薬で、5-アミノサリチル酸（5-ASA）製剤はどれか。,3|プレドニゾロン|アザチオプリン|メサラジン|インフリキシマブ,メサラジンが基本治療薬です。,薬理学,AI
薬剤と疾患,消化器疾患,記述問題,★,胃の内容物が食道に逆流し、胸焼けなどを起こす疾患をアルファベット4文字で答えよ。,GERD（または逆流性食道炎）,PPIやH2遮断薬が有効です。,病態生理学,AI
薬剤と疾患,消化器疾患,記述問題,★★,血液中のビリルビン濃度が上昇し、皮膚や眼球が黄色くなる状態を何というか。,黄疸,肝機能障害の重要な兆候です。,病態生理学,AI
薬剤と疾患,消化器疾患,記述問題,★★★,強力な下剤であるセンノシドなどを長期連用することで起こる、大腸粘膜の着色現象を何というか。,大腸メラノーシス,アントラキノン系下剤に特有です。,病態生理学,AI
薬剤と疾患,消化器疾患,記述問題,★★★★,ウイルス性肝炎のうち、主に血液を介して感染し、慢性化すると肝がんのリスクが高まる型を2つ挙げよ。,B型・C型,抗ウイルス薬による治療が進歩しています。,病態生理学,AI
薬剤と疾患,血液及び造血器疾患,〇×問題,★,鉄欠乏性貧血の治療で鉄剤を服用すると、便が黒くなることがある。,〇,未吸収の鉄によるもので問題ありません。,実務,AI
薬剤と疾患,血液及び造血器疾患,〇×問題,★★,ヘパリンの過剰投与による出血傾向に対し、拮抗剤としてプロタミンを投与する。,〇,静電気的結合によりヘパリンを中和します。,薬理学,AI
薬剤と疾患,血液及び造血器疾患,〇×問題,★★★,ビタミンB12や葉酸が不足すると、赤血球が巨大化する巨赤芽球性貧血が起こる。,〇,DNA合成障害により起こります。,病態生理学,AI
薬剤と疾患,血液及び造血器疾患,〇×問題,★★★★,直接経口抗凝固薬（DOAC）は、ワーファリンと異なり定期的なPT-INR測定が不要である。,〇,利便性が高い反面、服薬遵守が重要です。,実務,AI
薬剤と疾患,感覚器疾患,〇×問題,★,点眼薬を2種類以上使用する場合、通常は5分程度の間隔を空けて点眼する。,〇,前の点眼薬が洗い流されるのを防ぐためです。,実務,AI
薬剤と疾患,感覚器疾患,〇×問題,★★,緑内障の治療に用いられるプロスタグランジン関連薬は、副作用としてまつ毛が伸びることがある。,〇,眼圧低下作用以外に毛周期への影響があります。,実務,AI
薬剤と疾患,感覚器疾患,〇×問題,★★★,ステロイド点眼薬の長期使用は、眼圧を上昇させ「ステロイド緑内障」を引き起こすことがある。,〇,定期的な眼圧チェックが必要です。,安全性情報,AI
薬剤と疾患,感覚器疾患,〇×問題,★★★★,加齢黄斑変性の治療において、抗VEGF抗体を硝子体内に注射する方法がある。,〇,新生血管の増殖を抑える治療です。,治療学,AI
薬剤と疾患,内分泌・代謝疾患,〇×問題,★,インスリン製剤は、未使用時は冷凍庫で凍結保存しなければならない。,×,凍結するとタンパク質が変性し失活するため、2～8℃の冷蔵庫で保管します。,添付文書,AI
薬剤と疾患,内分泌・代謝疾患,〇×問題,★★,メトホルミンなどのビグアナイド系薬を服用中の患者がヨード造影剤検査を受ける場合、原則として休薬が必要である。,〇,乳酸アシドーシスのリスクを避けるため、検査前後48時間の休薬が推奨されます。,安全性情報,AI
薬剤と疾患,内分泌・代謝疾患,〇×問題,★★★,α-グルコシダーゼ阻害薬（アカルボース等）による低血糖時には、砂糖を摂取すれば速やかに回復する。,×,二糖類の分解を阻害する薬なので、砂糖（二糖類）ではなくブドウ糖（単糖）を摂取する必要があります。,薬理学,AI
薬剤と疾患,内分泌・代謝疾患,〇×問題,★★★★,副腎皮質ステロイドを長期間服用している患者が、自己判断で急に服用を中止すると「副腎不全」を起こすリスクがある。,〇,外因性ステロイドにより自身の副腎機能が抑制されているため、急な中止は危険です。,病態生理学,AI
薬剤と疾患,内分泌・代謝疾患,4択問題 (単一選択),★,尿細管での糖の再吸収を抑制し、尿中に糖を排泄させる糖尿病治療薬の系統はどれか。,2|DPP-4阻害薬|SGLT2阻害薬|GLP-1受容体作動薬|チアゾリジン薬,SGLT2を阻害することで尿糖排泄を促進します。,薬理学,AI
薬剤と疾患,内分泌・代謝疾患,4択問題 (単一選択),★★,甲状腺機能亢進症（バセドウ病）の第一選択薬であるチアマゾールの重大な副作用はどれか。,1|無顆粒球症|高尿酸血症|聴力障害|横紋筋融解症,投与開始後2ヶ月間は特に血液検査によるモニタリングが重要です。,添付文書,AI
薬剤と疾患,内分泌・代謝疾患,4択問題 (単一選択),★★★,骨再吸収を抑制するエストロゲン受容体調節薬（SERM）の副作用として注意すべきものはどれか。,3|多毛|高血糖|静脈血栓塞栓症|口内炎,血栓症のリスクがあるため、長期間の不動状態の前には中止を検討します。,添付文書,AI
薬剤と疾患,内分泌・代謝疾患,4択問題 (単一選択),★★★★,下垂体後葉から分泌され、腎集合管での水再吸収を促進するホルモンはどれか。,4|オキシトシン|プロラクチン|成長ホルモン|バソプレシン,バソプレシン（抗利尿ホルモン）が水分調節を担います。,生理学,AI
薬剤と疾患,内分泌・代謝疾患,記述問題,★,インスリン注射を毎回数センチずつずらして打つ理由は、皮膚が硬くなる何を予防するためか。,皮下脂肪の肥大（リポジストロフィー）,同じ場所に打ち続けると吸収が不安定になります。,実務,AI
薬剤と疾患,内分泌・代謝疾患,記述問題,★★,血液中のコレステロールや中性脂肪が基準値を超えて高い状態を何というか。,脂質異常症,動脈硬化の大きなリスク要因となります。,病態生理学,AI
薬剤と疾患,内分泌・代謝疾患,記述問題,★★★,スルホニル尿素（SU）薬が作用する、膵β細胞にあるチャネルの名称は何か。,ATP感受性K+チャネル（KATPチャネル）,チャネルを閉鎖することでインスリン分泌を促進します。,薬理学,AI
薬剤と疾患,内分泌・代謝疾患,記述問題,★★★★,高尿酸血症の治療薬のうち、尿酸生成を抑制する「キサンチンオキシダーゼ阻害薬」を1つ答えよ。,フェブキソスタット（またはアロプリノール）,尿酸の合成そのものを抑える薬剤です。,薬理学,AI
薬剤と疾患,皮膚疾患,〇×問題,★,ステロイド外用薬の強さ（ランク）は、塗布する部位によらず常に最強のものを使うべきである。,×,吸収率の異なる部位（顔、体など）や症状に合わせて使い分けます。,実務,AI
薬剤と疾患,皮膚疾患,〇×問題,★★,水虫（白癬）の治療では、症状が消えたらすぐに抗真菌薬の塗布を中止してよい。,×,皮膚の奥に真菌が残っているため、見た目が綺麗になっても1ヶ月程度は継続します。,実務,AI
薬剤と疾患,皮膚疾患,〇×問題,★★★,ヘパリン類似物質（ヒルドイド等）は、出血性血液疾患（血友病等）の患者には禁忌である。,〇,血液凝固抑制作用があるため、出血を助長する恐れがあります。,添付文書,AI
薬剤と疾患,皮膚疾患,〇×問題,★★★★,重症の薬疹であるスティーブンス・ジョンソン症候群（SJS）は、皮膚だけでなく粘膜にも症状が現れる。,〇,眼、口唇、外陰部などの粘膜に激しい炎症や水疱を生じます。,病態生理学,AI
薬剤と疾患,皮膚疾患,4択問題 (単一選択),★,ステロイド外用薬の吸収率が最も高い部位はどこか。,3|手のひら|腕|陰嚢|足の裏,角質が薄い粘膜や陰嚢は吸収が非常に良いです。,皮膚科学,AI
薬剤と疾患,皮膚疾患,4択問題 (単一選択),★★,アトピー性皮膚炎の治療に用いられる、非ステロイドの免疫抑制外用薬（タクロリムス）の注意点は。,2|眠気|塗布部のほてり・刺激感|多尿|血圧上昇,使い始めに灼熱感を感じることがありますが、多くは継続で改善します。,実務,AI
薬剤と疾患,皮膚疾患,4択問題 (単一選択),★★★,疥癬（ヒゼンダニによる感染）の第一選択となる経口薬はどれか。,1|イベルメクチン|アモキシシリン|イトラコナゾール|アシクロビル,イベルメクチンの内服が標準的です。,治療学,AI
薬剤と疾患,皮膚疾患,4択問題 (単一選択),★★★★,帯状疱疹の治療に用いられる抗ヘルペスウイルス薬の作用機序は。,4|細胞壁合成阻害|タンパク質合成阻害|葉酸代謝阻害|DNAポリメラーゼ阻害,ウイルスのDNA複製を阻害します。,薬理学,AI
薬剤と疾患,皮膚疾患,記述問題,★,軟膏やクリームを塗る際、大人の人差し指の先から第一関節まで出した量を1FTUと言うが、これは何グラムに相当するか。,約0.5g,手のひら2枚分の面積を塗る目安となります。,実務,AI
薬剤と疾患,皮膚疾患,記述問題,★★,ステロイド外用薬を長期間顔に使用した際に見られる、皮膚が薄くなり血管が透けて見える副作用を何というか。,皮膚萎縮,毛細血管拡張を伴うこともあります。,皮膚科学,AI
薬剤と疾患,皮膚疾患,記述問題,★★★,光線過敏症の副作用で有名であり、貼付部を日光（紫外線）に当てないよう指導が必要な消炎鎮痛テープ剤は。,ケトプロフェン（モーラステープ等）,剥がした後もしばらくは注意が必要です。,実務,AI
薬剤と疾患,皮膚疾患,記述問題,★★★★,乾癬（かんせん）の治療において、表皮細胞の増殖を抑制するために用いられるビタミンD3外用薬の機序は。,角化細胞の増殖抑制と分化誘導,ステロイドとは異なる機序で炎症を抑えます。,薬理学,AI
薬剤と疾患,感染症,〇×問題,★,抗菌薬は、熱が下がったら自分の判断で服用を止めてもよい。,×,耐性菌の発生を防ぐため、指示された期間を飲み切る必要があります。,実務,AI
薬剤と疾患,感染症,〇×問題,★★,ニューキノロン系抗菌薬は、金属カチオン（アルミニウム、マグネシウム等）を含む胃薬と併用すると吸収が低下する。,〇,キレートを形成し、抗菌薬の吸収が著しく阻害されます。,実務,AI
薬剤と疾患,感染症,〇×問題,★★★,バンコマイシンを急速に点滴静注すると、上半身に紅斑が現れる「レッドマン症候群」が起こることがある。,〇,ヒスタミンの遊離によるもので、ゆっくり点滴することで予防できます。,薬理学,AI
薬剤と疾患,感染症,〇×問題,★★★★,テトラサイクリン系抗菌薬は、小児に投与すると歯の着色やエナメル質形成不全を起こすことがある。,〇,骨や歯への沈着があるため、8歳未満の小児には原則使用を避けます。,添付文書,AI
薬剤と疾患,感染症,4択問題 (単一選択),★,インフルエンザ治療薬のタミフル（オセルタミビル）の剤形として存在しないものはどれか。,4|カプセル|ドライシロップ|懸濁液|吸入粉末剤,タミフルは経口薬です。吸入はリレンザやイナビルです。,実務,AI
薬剤と疾患,感染症,4択問題 (単一選択),★★,ペニシリン系抗菌薬の主な作用機序はどれか。,1|細胞壁合成阻害|タンパク質合成阻害|核酸合成阻害|細胞膜機能障害,細胞壁のペプチドグリカン合成を阻害します。,薬理学,AI
薬剤と疾患,感染症,4択問題 (単一選択),★★★,アミノグリコシド系抗菌薬の重大な副作用として正しい組み合わせはどれか。,3|心毒性・肝障害|胃潰瘍・骨粗鬆症|腎障害・第8脳神経障害|肺炎・溶血,聴力障害や平衡機能障害に注意が必要です。,薬理学,AI
薬剤と疾患,感染症,4択問題 (単一選択),★★★★,深在性真菌症の治療に用いられ、エルゴステロールに結合して細胞膜を破壊するポリエン系抗真菌薬は。,2|フルコナゾール|アムホテリシンB|ミカファンギン|テルビナフィン,アムホテリシンBが該当します。,薬理学,AI
薬剤と疾患,感染症,記述問題,★,病院内で新たに発生する感染症のことを、市中感染に対して何というか。,院内感染（病院内感染）,耐性菌が問題となることが多いです。,微生物学,AI
薬剤と疾患,感染症,記述問題,★★,結核の治療において、複数の抗結核薬を組み合わせて服用する治療法を何というか。,多剤併用療法（またはDOTS）,耐性菌の出現を抑えるために重要です。,治療学,AI
薬剤と疾患,感染症,記述問題,★★★,マクロライド系抗菌薬（クラリスロマイシン等）が持つ、抗菌作用以外の特徴的な作用は何か。,免疫調節作用（または抗炎症作用）,びまん性汎細気管支炎などに利用されます。,薬理学,AI
薬剤と疾患,感染症,記述問題,★★★★,セフェム系抗菌薬の化学構造に共通して含まれる、4員環の構造を何というか。,β-ラクタム環,ここが分解されると抗菌力を失います。,薬品化学,AI
薬剤と疾患,悪性腫瘍,〇×問題,★,抗がん剤の副作用である嘔気・嘔吐は、投与直後だけでなく数日経ってから現れることもある。,〇,遅発性の嘔吐に対してはデキサメタゾンなどが用いられます。,実務,AI
薬剤と疾患,悪性腫瘍,〇×問題,★★,細胞毒性抗がん剤を調製する際は、曝露防止のためクリーンベンチではなく安全キャビネットを使用すべきである。,〇,クリーンベンチは気流が作業者側へ流れるため曝露のリスクがあります。,実務,AI
薬剤と疾患,悪性腫瘍,〇×問題,★★★,シスプラチンなどのプラチナ製剤を投与する際は、腎障害予防のために大量の輸液（ハイドレーション）を行う。,〇,尿量を確保し、薬剤の腎毒性を軽減させます。,実務,AI
薬剤と疾患,悪性腫瘍,〇×問題,★★★★,分子標的薬のゲフィチニブ（イレッサ）の重大な副作用として、間質性肺炎がある。,〇,初期の息切れや空咳に厳重な注意が必要です。,安全性情報,AI
薬剤と疾患,悪性腫瘍,4択問題 (単一選択),★,抗がん剤による脱毛は、治療が終了すれば通常はまた生えてくるか。,1|生えてくる|二度と生えない|白髪として生える|より濃くなって生える,一時的な毛母細胞へのダメージのため、終了後は回復します。,実務,AI
薬剤と疾患,悪性腫瘍,4択問題 (単一選択),★★,代謝拮抗薬である5-FU（フルオロウラシル）の作用機序は。,2|DNAの切断|チミジル酸合成酵素の阻害|微小管の重合阻害|アルキル化,DNA合成に必要な原料の供給を絶ちます。,薬理学,AI
薬剤と疾患,悪性腫瘍,4択問題 (単一選択),★★★,がん性疼痛治療において、WHO方式3段階除痛ラダーの「強オピオイド」はどれか。,4|アスピリン|コデイン|トラマドール|モルヒネ,モルヒネ、フェンタニル、オキシコドンが強オピオイドです。,治療学,AI
薬剤と疾患,悪性腫瘍,4択問題 (単一選択),★★★★,トポイソメラーゼI阻害薬であり、副作用として激しい下痢を起こしやすいのはどれか。,3|ドキソルビシン|パクリタキセル|イリノテカン|シクロホスファミド,コリン作動性の下痢と、遅発性の下痢があります。,薬理学,AI
薬剤と疾患,悪性腫瘍,記述問題,★,がん細胞の表面にある特定のタンパク質などを標的にして攻撃する薬剤を総称して何というか。,分子標的薬,従来の抗がん剤より特定の細胞を狙い撃ちします。,薬理学,AI
薬剤と疾患,悪性腫瘍,記述問題,★★,抗がん剤投与前に、吐き気を抑えるためにあらかじめ薬剤を投与することを何というか。,制吐療法（または催吐性リスク管理）,5-HT3受容体拮抗薬などが用いられます。,実務,AI
薬剤と疾患,悪性腫瘍,記述問題,★★★,モルヒネなどのオピオイドを使用する際、ほぼ必発するため下剤を併用することが推奨される副作用は。,便秘,腸管の運動を抑制するため、耐性が形成されにくい副作用です。,実務,AI
薬剤と疾患,悪性腫瘍,記述問題,★★★★,免疫チェックポイント阻害薬（オプジーボ等）により、自身の免疫が過剰に働いて起こる副作用の総称は。,irAE（免疫関連副作用）,全身の様々な臓器に炎症が起こる可能性があります。,病態生理学,AI
薬剤と疾患,その他,〇×問題,★,一般用医薬品（OTC）には副作用が全く存在しない。,×,OTCでも副作用はあります。適切な確認と説明が必要です。,実務,AI
薬剤と疾患,その他,〇×問題,★★,健康食品（サプリメント）は、医薬品との相互作用を考慮する必要はない。,×,セントジョーンズワートのように、多くの医薬品と相互作用するものがあります。,実務,AI
薬剤と疾患,その他,〇×問題,★★★,処方箋の記載で「1日3回 食間」とは、食事の最中に服用することである。,×,「食事と食事の間（食後約2時間）」を指します。,実務,AI
薬剤と疾患,その他,〇×問題,★★★★,薬物動態において、薬剤が全身に回る前に肝臓で代謝されることを「初回通過効果」と言う。,〇,経口投与において特に重要となるプロセスです。,薬理学,AI
薬剤と疾患,その他,4択問題 (単一選択),★,医療用医薬品から一般用医薬品に転換されたものを何というか。,3|ジェネリック|ゾロ|スイッチOTC|プロドラッグ,医療用としての実績がある成分をOTC化したものです。,法規,AI
薬剤と疾患,その他,4択問題 (単一選択),★★,グレープフルーツジュースによって代謝が阻害される、小腸の代表的な代謝酵素はどれか。,1|CYP3A4|CYP2D6|CYP2C9|CYP1A2,小腸のCYP3A4が不可逆的に阻害されます。,薬理学,AI
薬剤と疾患,その他,4択問題 (単一選択),★★★,薬剤が血液中でタンパク質（アルブミン等）と結合している状態を何というか。,2|遊離型|結合型|抱合型|イオン型,結合型は薬理作用を示さず、遊離型のみが作用します。,薬理学,AI
薬剤と疾患,その他,4択問題 (単一選択),★★★★,プラセボ（偽薬）を投与したにもかかわらず、治療効果が見られることを何というか。,4|副作用|相互作用|拮抗作用|プラセボ効果（安慰剤効果）,心理的な要因などが関与するとされています。,心理学,AI
薬剤と疾患,その他,記述問題,★,先発医薬品の特許が切れた後に発売される、同じ有効成分の安価な薬剤を何というか。,ジェネリック医薬品（後発医薬品）,添加物などは異なる場合があります。,実務,AI
薬剤と疾患,その他,記述問題,★★,薬の飲み忘れを防止するために、1回分ずつ袋にまとめることを何というか。,一包化,コンプライアンスの向上に寄与します。,実務,AI
薬剤と疾患,その他,記述問題,★★★,服用した薬剤が、意図しない有害な反応を引き起こすことを何というか。,副作用（または有害事象）,有益な作用と有害な作用のバランスが重要です。,薬理学,AI
薬剤と疾患,その他,記述問題,★★★★,薬物の血中濃度を測定し、個々の患者に最適な投与量を設計することをアルファベット3文字で何というか。,TDM,治療薬物モニタリングの略です。,実務,AI
薬剤と疾患,心臓・血管系疾患,〇×問題,★★★★,ジギタリス製剤を服用中の患者において、低カルシウム血症を併発すると、ジギタリス中毒のリスクが著しく高まる。,×,中毒を増強させるのは「高カルシウム血症」です。Caイオンは心収縮力を高めるため、高Ca状態ではジギタリスの作用が過剰に現れます。,ジギタリス中毒と電解質異常,AI
薬剤と疾患,精神神経・筋疾患,〇×問題,★★★★,三環系抗うつ薬は抗コリン作用を持つため、高度の前立腺肥大に伴う排尿障害がある患者には原則として禁忌である。,〇,抗コリン作用により膀胱平滑筋が弛緩し尿道括約筋が収縮するため、尿閉を誘発する恐れがあります。,三環系抗うつ薬の禁忌事項,AI
薬剤と疾患,感染症,〇×問題,★★★★,アミノグリコシド系抗菌薬のTDMにおいて、ピーク値は有効性の指標となり、トラフ値は腎障害などの毒性を回避するための指標となる。,〇,濃度依存性の殺菌作用を持つため高いピーク値が必要であり、蓄積毒性を防ぐためにトラフ値を低く抑える必要があります。,アミノグリコシド系TDMガイドライン,AI
薬剤と疾患,悪性腫瘍,〇×問題,★★★★,免疫チェックポイント阻害薬（抗PD-1抗体等）による副作用「irAE」は、投与終了後数ヶ月経過してから発現することはない。,×,irAEは投与中だけでなく、投与終了後から数週間〜数ヶ月が経過してから遅延性に発現することがあります。,irAE（免疫関連副作用）管理ガイド,AI
薬剤と疾患,内分泌・代謝疾患,〇×問題,★★★★,SGLT2阻害薬を服用中の患者では、血糖値が著明な高値でなくてもケトアシドーシス（正常血糖ケトアシドーシス）を呈することがある。,〇,糖の排泄促進によりインスリン分泌が低下し、脂肪分解が促進されることで血糖値に関わらずケトン体が増加します。,SGLT2阻害薬の適正使用,AI
内規,調剤室業務,〇×問題,★★,全自動錠剤分包機（Xana-UF）の薬杯に薬品を投入する際、薬品名と規格を確認する。,〇,誤薬防止のため、投入前の確認は必須です。,調剤業務マニュアル,AI
内規,調剤室業務,〇×問題,★★★,分包紙の残量が少なくなった場合、赤色のラインが表示される。,〇,補充のサインを見逃さないようにします。,調剤業務マニュアル,AI
内規,調剤室業務,〇×問題,★★,錠剤の端数（バラ錠）は、専用の手撒き用ケースに入れて分包機にセットする。,〇,カセットにない薬品は手撒きで対応します。,調剤業務マニュアル,AI
内規,調剤室業務,〇×問題,★★★,一包化の印字で「用法」を印字しない設定は原則禁止である。,〇,患者の誤服用を防ぐため、用法印字は必須です。,調剤業務マニュアル,AI
内規,調剤室業務,〇×問題,★★,散剤の調剤後、分包機のVマス（受皿）はヘラで清掃する。,〇,次の薬品との混入を防ぐため、入念に清掃します。,調剤業務マニュアル,AI
内規,調剤室業務,〇×問題,★★,水剤の調剤で、複数のシロップを混ぜる場合は、よく振ってから容器に入れる。,〇,均一に混合するため、事前の撹拌が必要です。,調剤業務マニュアル,AI
内規,調剤室業務,〇×問題,★,軟膏容器の蓋には、薬品名だけでなく患者名も記載する。,〇,取り違え防止のため、患者情報の記載が必要です。,調剤業務マニュアル,AI
内規,調剤室業務,〇×問題,★★,点眼薬を交付する際、1滴の出し方や保管方法を説明する。,〇,適切な効果を得るために必要な服薬指導です。,調剤業務マニュアル,AI
内規,調剤室業務,〇×問題,★★★,向精神薬を紛失した場合、速やかに薬剤科長へ報告する。,〇,管理薬剤師を通じて適切な報告手続きを行います。,調剤業務マニュアル,AI
内規,調剤室業務,〇×問題,★★,冷所保存の薬品が常温で放置されていた場合、そのまま使用してよい。,×,品質低下の恐れがあるため、管理者に報告し判断を仰ぎます。,調剤業務マニュアル,AI
内規,調剤室業務,〇×問題,★★★,麻薬の残液（注射剤等）は、必ず複数の職員立ち会いのもとで廃棄する。,〇,適正な廃棄を証明するためダブルチェックが必要です。,調剤業務マニュアル,AI
内規,調剤室業務,〇×問題,★★,特定生物由来製品（血漿分画製剤等）は、ロット番号を記録保存する。,〇,遡及調査を可能にするため、20年間の記録保存が義務付けられています。,調剤業務マニュアル,AI
内規,調剤室業務,〇×問題,★,処方箋の有効期限が切れている場合、医師の再確認があればそのまま調剤できる。,×,原則として処方箋の再発行が必要になります。,調剤業務マニュアル,AI
内規,調剤室業務,〇×問題,★★,時間外（当直等）に調剤した処方箋は、翌朝に再度監査を受ける。,〇,ミスの早期発見のため、日勤帯での再点検が行われます。,調剤業務マニュアル,AI
内規,調剤室業務,〇×問題,★★★,「患者コメント」に記載されたアレルギー情報は、調剤前に必ず確認する。,〇,安全確保のため、システム上のアラートと併せて確認します。,調剤業務マニュアル,AI
内規,調剤室業務,〇×問題,★★,在庫が不足している場合、患者に了解を得て後日郵送または取りに来てもらう。,〇,欠品時の標準的な対応手順です。,調剤業務マニュアル,AI
内規,調剤室業務,〇×問題,★,調剤台の上には、関係のない私物（飲み物等）を置いてはいけない。,〇,異物混入や汚染を防ぐための基本ルールです。,調剤業務マニュアル,AI
内規,調剤室業務,〇×問題,★★,処方箋を紛失した場合、速やかに再発行の手続きを医師へ依頼する。,〇,原本がない状態での調剤は法的に認められません。,調剤業務マニュアル,AI
内規,調剤室業務,〇×問題,★★★,薬品を棚に戻す際は、期限が短いものを手前に置く（先入れ先出し）。,〇,期限切れによる廃棄を減らすための在庫管理の基本です。,調剤業務マニュアル,AI
内規,調剤室業務,4択問題 (単一選択),★★,処方箋に「分3 食後」とある場合、1日の服用回数は何回か。,3|1回|2回|3回|4回,「分3」は1日3回に分けて服用することを意味します。,調剤業務マニュアル,AI
内規,調剤室業務,〇×問題,★★,頓服薬（とんぷくやく）は、症状が出た時にだけ服用する薬である。,〇,必要に応じて服用する形態の薬剤です。,調剤業務マニュアル,AI
内規,調剤室業務,〇×問題,★★★,システムトラブルで薬袋が出ない場合、手書きで必要事項を記載して代用する。,〇,緊急時のバックアップ体制としてマニュアルに記載されています。,調剤業務マニュアル,AI
内規,調剤室業務,〇×問題,★★,「お薬情報提供紙」は、必ず患者に渡さなければならない。,〇,法的な説明義務を果たすために不可欠な書類です。,調剤業務マニュアル,AI
内規,調剤室業務,〇×問題,★,散剤の端数は、乳鉢に残った分を捨てて調整してよい。,×,全量を分包し、不足や過剰がないか再秤量する必要があります。,調剤業務マニュアル,AI
内規,調剤室業務,〇×問題,★★,錠剤を半分に割る（半錠）指示がある場合、専用の割カッターを使用する。,〇,正確な分割と飛散防止のために使用します。,調剤業務マニュアル,AI
内規,調剤室業務,〇×問題,★★★,粉砕指示があるが、コーティング錠で粉砕不可の薬剤は、医師に照会する。,〇,製剤特性上、粉砕が適切でない場合は代替案を相談します。,調剤業務マニュアル,AI
内規,調剤室業務,〇×問題,★★,調剤ミスを見つけた場合、自分だけで直さず、必ず報告して共有する。,〇,エラーの傾向を把握し、システム改善につなげるためです。,調剤業務マニュアル,AI
内規,調剤室業務,〇×問題,★,薬袋には、用法・用量・薬品名のほか、保管方法も印字される。,〇,適切な保管を促すための情報提供です。,調剤業務マニュアル,AI
内規,調剤室業務,〇×問題,★★★,水剤ボトルの目盛りは、水平な場所で目線を合わせて確認する。,〇,誤差を最小限にするための計量技術です。,調剤業務マニュアル,AI
内規,調剤室業務,〇×問題,★★,麻薬金庫の鍵は、決まった管理者が肌身離さず保管する。,〇,盗難防止のための厳格な鍵管理ルールです。,調剤業務マニュアル,AI
内規,調剤室業務,〇×問題,★,窓口で薬を渡す際、お薬手帳の有無を確認する。,〇,重複投薬や相互作用のチェックに必要です。,調剤業務マニュアル,AI
内規,調剤室業務,〇×問題,★★,外来患者への郵送対応では、氏名・住所・電話番号を復唱して確認する。,〇,配送ミスを防ぐための必須確認事項です。,調剤業務マニュアル,AI
内規,調剤室業務,〇×問題,★★★,プリンタのトナーが薄くなった場合、振って使い切るのではなく直ちに交換する。,〇,印字の擦れによる誤認を防ぐための安全対策です。,調剤業務マニュアル,AI
内規,調剤室業務,〇×問題,★★,処方箋上の「用法」と「薬品の性質」が合わない場合、疑義照会する。,〇,例：寝る前指示の利尿剤など、不適切な用法は確認が必要です。,調剤業務マニュアル,AI
内規,調剤室業務,〇×問題,★★★,自動分包機のカセット間違いを防ぐため、充填時にバーコード照合を行う。,〇,システムによる機械的なチェックで人為的ミスを防ぎます。,調剤業務マニュアル,AI
内規,調剤室業務,〇×問題,★★,計数調剤後の余ったPTPシートは、元の位置に正確に戻す。,〇,棚の乱れは次回の誤取り出しの原因になるため厳禁です。,調剤業務マニュアル,AI
内規,調剤室業務,〇×問題,★,調剤室内では、歩きスマホや私的なお喋りは控える。,〇,集中力を維持し、ミスを防ぐための基本マナーです。,調剤業務マニュアル,AI
内規,調剤室業務,〇×問題,★★,薬品の破損（床に落とす等）が発生した場合は、速やかに廃棄処理と記録を行う。,〇,衛生管理上、一度落下した薬剤は使用せず、在庫調整を行います。,調剤業務マニュアル,AI
内規,調剤室業務,〇×問題,★★★,災害時には、マニュアルに従い優先順位（救急薬の確保等）を決めて業務を行う。,〇,非常時の継続計画（BCP）に基づいた行動が求められます。,調剤業務マニュアル,AI
内規,調剤室業務,〇×問題,★★,薬品棚の表示（棚札）が見にくい場合は、勝手に書き換えずに管理者に相談する。,〇,表示の統一性を保つため、ルールに従って更新します。,調剤業務マニュアル,AI
内規,調剤室業務,〇×問題,★,薬を渡す際、患者の顔色や体調に変化がないか観察する。,〇,副作用の早期発見や服薬アドヒアランスの確認に繋がります。,調剤業務マニュアル,AI
内規,調剤室業務,〇×問題,★★★,自己血糖測定器のチップなどの「高度管理医療機器」の管理は、専用の台帳で行う。,〇,法規に基づき、販売・譲渡の記録を適切に保存します。,調剤業務マニュアル,AI
内規,調剤室業務,〇×問題,★★,複数の処方箋を同時に扱う場合、患者ごとにトレーを分けて混同を防ぐ。,〇,物理的な仕切りを作ることで取り違えを防止します。,調剤業務マニュアル,AI
内規,調剤室業務,〇×問題,★,使用済みの処方箋は、シュレッダーにかけるか溶解処理する。,〇,個人情報保護のため、適切な廃棄が義務付けられています。,調剤業務マニュアル,AI
内規,調剤室業務,〇×問題,★★,システムから出力された「薬歴」を参照し、過去の副作用歴を確認する。,〇,安全な投薬を行うための過去情報の活用です。,調剤業務マニュアル,AI
内規,調剤室業務,〇×問題,★★★,粉薬を混ぜる順番（重い粉を下に等）は、均一に混ざるよう工夫する。,〇,物理的な特性を考慮した調剤技術が求められます。,調剤業務マニュアル,AI
内規,調剤室業務,〇×問題,★★,吸入薬のデモ機を使用して、患者に実際の使い方を実演してもらう。,〇,正しく使用できているか確認するための重要なステップです。,調剤業務マニュアル,AI
内規,調剤室業務,〇×問題,★,調剤業務マニュアルは、必要に応じていつでも閲覧できる場所に保管する。,〇,手順の不確かさを解消し、業務を標準化するために必要です。,調剤業務マニュアル,AI
内規,調剤室業務,〇×問題,★★★,疑義照会の簡略化（プロトコル）は、定期的に見直しが行われる。,〇,実情に合わせ、安全性と効率のバランスを最適化するためです。,調剤業務マニュアル,AI
内規,調剤室業務,〇×問題,★★,最後は笑顔で「お大事に」と伝え、患者を送り出す。,〇,医療従事者としてのホスピタリティの基本です。,調剤業務マニュアル,AI
内規,調剤室業務,〇×問題,★,調剤と鑑査は可能な限り別の者が行うべきである。,〇,医療安全のためダブルチェックが原則です。一人の場合は時間を置く等の対策が必要です。,調剤業務マニュアル,AI
内規,調剤室業務,〇×問題,★★,緊急時等にやむを得ず一人で調剤・鑑査を行う場合、連続した作業として行ってよい。,×,思い込みを防ぐため、一呼吸置くか他の業務を挟んで連続作業を避ける規定です。,調剤業務マニュアル,AI
内規,調剤室業務,〇×問題,★,処方箋の右上に「外来」とあるのは院外処方箋のことである。,×,「外来」は院内処方、「院外」は院外処方箋を指します。,調剤業務マニュアル,AI
内規,調剤室業務,〇×問題,★★,処方箋に「初」と表示されている薬品は、その患者に初めて処方された薬剤である。,〇,新規採用薬やその患者への初処方時に表示されます。,調剤業務マニュアル,AI
内規,調剤室業務,4択問題 (単一選択),★★,前回と比較して1日量が増量した場合に表示される記号と色はどれか。,1|赤色の「↑」|青色の「↓」|黄色の「★」|黒色の「！」,増量は赤の「↑」、減量は青の「↓」で示されます。,調剤業務マニュアル,AI
内規,調剤室業務,〇×問題,★★,記号「◎」は簡易懸濁が可能であることを示している。,〇,マニュアルの記号一覧に基づきます。,調剤業務マニュアル,AI
内規,調剤室業務,〇×問題,★★,記号「×」は簡易懸濁不可（または粉砕不可）を示します。,〇,マニュアルの記号規定に基づきます。,調剤業務マニュアル,AI
内規,調剤室業務,〇×問題,★★★,記号「【＊】」は、分包機のカセットにセットされている薬品であることを示す。,〇,全自動錠剤分包機(Xana)にカセットがある薬品の目印です。,調剤業務マニュアル,AI
内規,調剤室業務,4択問題 (単一選択),★★,ハイリスク薬は処方箋上でどのように表示されるか。,3|青字で表示|網掛けで表示|赤字で「ハイリスク」と表示|表示されない,視覚的に注意を促すため赤字で強調されます。,調剤業務マニュアル,AI
内規,調剤室業務,〇×問題,★★,疑義照会を行う場合、必ず処方医に直接確認しなければならない。,〇,薬剤師法に基づき、疑問点は処方医に照会して解決する必要があります。,調剤業務マニュアル,AI
内規,調剤室業務,〇×問題,★★★,配合不適、禁忌、重複服用、副作用の有無を確認することは処方監査に含まれる。,〇,これらは薬剤師の重要な職能であり、監査の必須項目です。,調剤業務マニュアル,AI
内規,調剤室業務,〇×問題,★,錠剤の取り揃え（ピッキング）の際、ヒート（PTPシート）の裏面も確認する。,〇,薬品名や規格に間違いがないか裏表両面で確認します。,調剤業務マニュアル,AI
内規,調剤室業務,〇×問題,★★,薬袋に薬剤を入れたら、直ちに処方箋の該当Rp段の[ ]内に調剤印を押印する。,〇,調剤済みの証跡を確実にするための手順です。,調剤業務マニュアル,AI
内規,調剤室業務,〇×問題,★★★,「バラ錠」を払い出す際、計数調剤支援システム（F-WAVE）は使用しなくてよい。,×,誤取り出し防止のため、バーコード認証等のシステム利用が原則です。,調剤業務マニュアル,AI
内規,調剤室業務,〇×問題,★★★,一包化指示がある場合、カセット外（手撒き）の薬品は赤マジックで丸印をつける。,〇,鑑査時の見落としを防ぐための視覚的ルールです。,調剤業務マニュアル,AI
内規,調剤室業務,〇×問題,★★,散剤の調剤で「★秤量★」と表示されている場合、電子天秤で秤量し記録を残す。,〇,秤量記録システムと連動させ、正確な重さを記録します。,調剤業務マニュアル,AI
内規,調剤室業務,〇×問題,★★★,賦形が必要な場合、乳鉢を用いて均等に混合しなければならない。,〇,成分の偏りを防ぐため、適切な混合操作が求められます。,調剤業務マニュアル,AI
内規,調剤室業務,4択問題 (単一選択),★★★,散剤の監査において、鑑査者が確認すべき最も重要な事項はどれか。,2|薬袋のデザイン|秤量記録と現物の色・性状|患者の生年月日|処方箋の発行時間,秤量ミスがないか記録と現物を突き合わせるのが鑑査の肝です。,調剤業務マニュアル,AI
内規,調剤室業務,〇×問題,★,散剤の自動分包機は、使用後、毎回清掃する必要はない。,×,コンタミネーション防止のため、使用後の清掃は必須です。,調剤業務マニュアル,AI
内規,調剤室業務,〇×問題,★★,複数の散剤を混合する場合、色調の変化（配合変化）に注意する。,〇,湿潤や変色が起こる組み合わせでないか確認が必要です。,調剤業務マニュアル,AI
内規,調剤室業務,〇×問題,★,水剤のメスシリンダーでの計り取りは、液面の盛り上がった部分で合わせる。,×,液面のくぼんだ部分（メニスカス）の最下部で合わせるのが正解です。,調剤業務マニュアル,AI
内規,調剤室業務,〇×問題,★★,新たに開封した水剤のボトルには、開封日を記載したラベルを貼る。,〇,使用期限管理のために開封日の記録が必要です。,調剤業務マニュアル,AI
内規,調剤室業務,4択問題 (単一選択),★★,水剤（シロップ剤等）の開封後の使用期限は、原則としていつまでか。,3|3日|1週間|1年（清潔な場合）|無期限,マニュアル規定では、清潔に保たれている場合で1年とされています。,調剤業務マニュアル,AI
内規,調剤室業務,〇×問題,★★★,冷所保存の指示がある水剤は、調剤後も速やかに冷蔵庫に保管する。,〇,品質保持のため、温度管理の徹底が求められます。,調剤業務マニュアル,AI
内規,調剤室業務,〇×問題,★,投薬瓶に貼る目盛りラベルは、液量に関わらず適当な位置でよい。,×,正確な服用量を測れるよう、正しい位置に貼付する必要があります。,調剤業務マニュアル,AI
内規,調剤室業務,〇×問題,★★,麻薬は他の医薬品と一緒に一般の棚で保管してもよい。,×,法律およびマニュアルにより、施錠された金庫に保管する義務があります。,調剤業務マニュアル,AI
内規,調剤室業務,〇×問題,★★★,麻薬の払い出しには、薬剤師2名によるダブルチェックが必須である。,〇,計数および帳簿記入において、常に相互確認を行います。,調剤業務マニュアル,AI
内規,調剤室業務,4択問題 (単一選択),★★★,麻薬帳簿への記入タイミングとして正しいものはどれか。,2|1日の終わりにまとめて|調剤の都度|1週間に一度|月末にまとめて,誤差や記入漏れを防ぐため、その都度記入が鉄則です。,調剤業務マニュアル,AI
内規,調剤室業務,〇×問題,★★,麻薬の処方箋は、調剤後2年間保存しなければならない。,〇,法律上の義務として2年間の保存が規定されています。,調剤業務マニュアル,AI
内規,調剤室業務,〇×問題,★★★★,破損した麻薬（アンプル等）は、そのままゴミ箱に捨ててよい。,×,回収し、所定の廃棄手続きが必要になります。,調剤業務マニュアル,AI
内規,調剤室業務,〇×問題,★★★,毒薬を保管する棚は、黒地に白枠、白文字で「毒」と表示する。,〇,法規定に基づき、毒薬は黒背景に白文字と定められています。,調剤業務マニュアル,AI
内規,調剤室業務,〇×問題,★★,毒薬は鍵をかけた保管庫に貯蔵しなければならない。,〇,盗難紛失防止のため施錠保管が義務付けられています。,調剤業務マニュアル,AI
内規,調剤室業務,〇×問題,★,軟膏の混合調剤において、異なるメーカーの同一成分薬を混ぜる場合は医師に確認する。,〇,原則として銘柄変更や混合については合意が必要です。,調剤業務マニュアル,AI
内規,調剤室業務,〇×問題,★★,貼付剤（シップ等）の枚数を確認する際、袋の入り数に注意する。,〇,端数が出る場合があるため、計算間違いに注意が必要です。,調剤業務マニュアル,AI
内規,調剤室業務,〇×問題,★★,点眼薬の監査では、左右の指示や点眼回数を確認する。,〇,処方箋の指示が適切か、監査で必ず確認します。,調剤業務マニュアル,AI
内規,調剤室業務,〇×問題,★★,最終鑑査者は、処方箋、薬袋、薬品現物の3点を突き合わせて確認する。,〇,この3点照合が間違いを防ぐ最後の砦となります。,調剤業務マニュアル,AI
内規,調剤室業務,〇×問題,★★★,自動錠剤分包機から出たパックは、全包を鑑査しなくてよい。,×,一包化は全包について目視確認が必要です。,調剤業務マニュアル,AI
内規,調剤室業務,〇×問題,★,お薬を渡す際は、患者にフルネームを名乗ってもらい本人確認を行う。,〇,取り違え防止のため、能動的な本人確認が推奨されます。,調剤業務マニュアル,AI
内規,調剤室業務,〇×問題,★★,引換券がない場合は、本人確認の上で処方箋にサインをもらい交付する。,〇,代替手段としてマニュアルに規定されています。,調剤業務マニュアル,AI
内規,調剤室業務,4択問題 (単一選択),★★,患者から不足連絡があった場合の最初の対応は？,1|在庫数と調剤記録の照合|即座に不足分を郵送|患者の勘違いだと伝える|無視する,まずは実在庫の差異を確認し、過誤の有無を調査します。,調剤業務マニュアル,AI
内規,調剤室業務,〇×問題,★,後発医薬品への変更を希望された場合、変更不可の指示がなければ変更できる。,〇,薬剤師の判断と患者の同意で可能です。,調剤業務マニュアル,AI
内規,調剤室業務,〇×問題,★★,お薬手帳の持参を忘れた患者には、シールを渡して次回貼るよう説明する。,〇,継続的な薬歴管理のため、シールの貼付を促します。,調剤業務マニュアル,AI
内規,調剤室業務,〇×問題,★★★,紛失による再発行処方箋は、原則として自費となる。,〇,健康保険の適用外となるケースが一般的です。,調剤業務マニュアル,AI
内規,調剤室業務,〇×問題,★★,「合意事項」に基づき、特定の軽微な内容であれば照会なしで修正できる。,〇,運用効率化のため事前に取り決められたルールです。,調剤業務マニュアル,AI
内規,調剤室業務,〇×問題,★★★,麻薬や注射薬の用法修正は、合意事項の対象外である。,〇,重要薬剤は必ず医師への照会が必要です。,調剤業務マニュアル,AI
内規,調剤室業務,4択問題 (単一選択),★★,疑義照会して処方が変更になった場合、どこに記録するか。,2|裏面の余白|表面の疑義照会記入欄|薬袋の裏面|記録しなくてよい,処方箋の所定欄に内容と医師名を記載します。,調剤業務マニュアル,AI
内規,調剤室業務,〇×問題,★,処方箋発行機が詰まった場合、無理に引っ張らずカバーを開けて取り除く。,〇,機器の故障を防ぐための基本的な対応です。,調剤業務マニュアル,AI
内規,調剤室業務,〇×問題,★★,「外来処方です」という音声案内は、PC操作で一時的に止めることができる。,〇,業務状況に応じて制御する手順があります。,調剤業務マニュアル,AI
内規,調剤室業務,〇×問題,★★★,薬袋プリンタが故障した場合、予備のプリンタへ切り替える。,〇,業務を継続するための切り替え手順が規定されています。,調剤業務マニュアル,AI
内規,調剤室業務,〇×問題,★,インシデントが発生したら、速やかに報告書を作成する。,〇,再発防止策を講じるために情報の共有が不可欠です。,調剤業務マニュアル,AI
内規,調剤室業務,〇×問題,★★,処方箋に「★」印がある薬剤は、原則として外来窓口での指導が必要な薬剤である。,〇,マニュアルの記号規定により、重点的な説明が必要な印です。,調剤業務マニュアル,AI
内規,調剤室業務,〇×問題,★★★,計数調剤において、ヒートから取り出したバラ錠は、直接手に触れて計数してもよい。,×,衛生管理および品質保持のため、直接素手で触れず、トレイやヘラを使用します。,調剤業務マニュアル,AI
内規,調剤室業務,〇×問題,★★,散剤の分包紙に「患者名」を印字する場合、必ずフルネームであることを確認する。,〇,誤服用防止のため、氏名の正確な印字が求められます。,調剤業務マニュアル,AI
内規,調剤室業務,〇×問題,★★★,水剤の調剤で、沈殿が生じやすい薬剤は「振盪（しんとう）後服用」のラベルを貼る。,〇,服用時に濃度が均一になるよう、患者への注意喚起が必要です。,調剤業務マニュアル,AI
内規,調剤室業務,〇×問題,★★,軟膏の混合において、主薬の安定性を損なう可能性がある場合は医師に確認する。,〇,配合変化により効果が減弱するのを防ぐためです。,調剤業務マニュアル,AI
内規,調剤室業務,〇×問題,★★,毒薬の直接の容器には、黒地に白枠、白文字で「毒」の表示があるか確認する。,〇,法的表示義務の確認も監査の一部です。,調剤業務マニュアル,AI
内規,調剤室業務,〇×問題,★★★,麻薬の譲受書（伝票）は、紛失しないよう施錠された場所に保管する。,〇,麻薬及び向精神薬取締法に基づき、厳格な書類管理が必要です。,調剤業務マニュアル,AI
内規,調剤室業務,〇×問題,★★,冷蔵庫の温度が設定範囲（2〜8℃等）を超えた場合、ログを記録し上長に報告する。,〇,薬品の品質への影響を確認するための標準手順です。,調剤業務マニュアル,AI
内規,調剤室業務,〇×問題,★,処方箋の有効期限は、発行日を含めて4日間である。,〇,4日を過ぎた処方箋は無効となるため、受付時に確認します。,調剤業務マニュアル,AI
内規,調剤室業務,〇×問題,★★,調剤した薬剤の数と薬袋の印字数が一致しているか、ダブルチェックを行う。,〇,取り揃えミスを防ぐための基本的な監査手順です。,調剤業務マニュアル,AI
内規,調剤室業務,〇×問題,★★★,一包化のパック内に、薬品の割れや欠けがないか最終鑑査で目視確認する。,〇,服用量の誤差や、鋭利な欠けによる負傷を防ぐためです。,調剤業務マニュアル,AI
内規,調剤室業務,〇×問題,★★,患者から「薬が余っている」と相談を受けた場合、医師と相談し残薬調整を行う。,〇,ポリファーマシー対策や医療費適正化の観点から推奨されます。,調剤業務マニュアル,AI
内規,調剤室業務,〇×問題,★,調剤室内では、指輪やブレスレットなどの装飾品を外すのが原則である。,〇,異物混入防止と衛生維持のため、マニュアルで定められています。,調剤業務マニュアル,AI
内規,調剤室業務,〇×問題,★★,薬品の添付文書を確認したい場合は、システム内の電子添文をすぐに参照する。,〇,常に最新の情報を確認する習慣をつけます。,調剤業務マニュアル,AI
内規,調剤室業務,〇×問題,★★★,システムで「禁忌」のアラートが出た場合、処方医に確認するまで調剤を保留する。,〇,重大な事故を防ぐため、アラートを無視してはいけません。,調剤業務マニュアル,AI
内規,調剤室業務,〇×問題,★★,散剤分包機のパッキングマットに汚れがある場合は、速やかに清掃する。,〇,印字不良や分包ミスを防ぐためのメンテナンスです。,調剤業務マニュアル,AI
内規,調剤室業務,〇×問題,★,薬袋に記載される「用法」は、患者が理解しやすい平易な言葉にする。,〇,例：「毎食後」だけでなく「朝・昼・夕食の後に」など工夫します。,調剤業務マニュアル,AI
内規,調剤室業務,〇×問題,★★,水剤のメスシリンダーは、使用後、水洗いの後に乾燥させる。,〇,菌の繁殖を防ぐため、乾燥状態で保管します。,調剤業務マニュアル,AI
内規,調剤室業務,〇×問題,★★★,向精神薬の在庫調査は、定期的に（月1回等）行い、帳簿と照合する。,〇,盗難や紛失の早期発見のために不可欠な業務です。,調剤業務マニュアル,AI
内規,調剤室業務,〇×問題,★★,外用薬（軟膏等）の容器には、使用部位（顔、足など）を明記する。,〇,患者の塗り間違いを防ぐための重要な情報提供です。,調剤業務マニュアル,AI
内規,調剤室業務,〇×問題,★,お薬手帳のカバーに、患者の緊急連絡先やアレルギー歴を記載するよう勧める。,〇,緊急時の安全確保に非常に役立つ情報です。,調剤業務マニュアル,AI
内規,調剤室業務,〇×問題,★★,調剤トレイに、異なる患者の処方箋を混在させてはいけない。,〇,取り違え事故を物理的に防ぐためのルールです。,調剤業務マニュアル,AI
内規,調剤室業務,〇×問題,★★★,分包紙のセット時、前後を逆にすると印字がされないため向きを確認する。,〇,機器の特性を理解し、正しい装填を行います。,調剤業務マニュアル,AI
内規,調剤室業務,〇×問題,★★,在庫不足で分割調剤を行う場合、後日分も無料ではなく会計時に適切に処理する。,〇,実務上の会計処理規定に基づき対応します。,調剤業務マニュアル,AI
内規,調剤室業務,〇×問題,★,調剤済みの処方箋には、必ず調剤者の印が必要である。,〇,責任の所在を明確にし、履歴を保護するために必須です。,調剤業務マニュアル,AI
内規,調剤室業務,〇×問題,★★★,複数の規格（5mgと10mg等）がある薬品は、棚札の色を変える等の工夫をする。,〇,規格間違いは重大な過誤に繋がるため、視覚的に区別します。,調剤業務マニュアル,AI
内規,調剤室業務,〇×問題,★★,吸入薬の使用済みボンベの廃棄方法についても患者に説明する。,〇,自治体のルールや安全な廃棄方法を周知します。,調剤業務マニュアル,AI
内規,調剤室業務,〇×問題,★,窓口で待っている患者へ、待ち時間の目安を伝えるよう努める。,〇,患者の不安を解消し、満足度を高めるための配慮です。,調剤業務マニュアル,AI
内規,調剤室業務,〇×問題,★★★,散剤の賦形剤（乳糖等）を間違えないよう、容器のラベルを指差し確認する。,〇,主薬以外の成分であっても、正確な調剤が求められます。,調剤業務マニュアル,AI
内規,調剤室業務,〇×問題,★★,全自動分包機のカセットは、定期的に分解清掃を行い、詰まりを予防する。,〇,安定した稼働を維持するための保守点検です。,調剤業務マニュアル,AI
内規,調剤室業務,〇×問題,★,処方箋の裏面に、患者の体質や副作用の聞き取り内容をメモする。,〇,情報の共有と、次回の処方監査に役立てます。,調剤業務マニュアル,AI
内規,調剤室業務,〇×問題,★★,お薬手帳を持っていない患者には、アプリ版の活用を提案する。,〇,持ち忘れ防止や災害時のデータ活用に有効です。,調剤業務マニュアル,AI
内規,調剤室業務,〇×問題,★★★,劇薬の保管棚が施錠されていない場合は、速やかに管理者に報告し改善する。,〇,法的義務はない場合でも、施設の安全基準に従い管理します。,調剤業務マニュアル,AI
内規,調剤室業務,〇×問題,★★,薬袋に貼る「注意シール（眠気など）」は、文字が見やすい位置に貼る。,〇,重要な情報が隠れないよう、適切な位置に配置します。,調剤業務マニュアル,AI
内規,調剤室業務,〇×問題,★,調剤業務中に疑問を感じたら、独断で進めず周囲の薬剤師に相談する。,〇,チーム全体で安全を確保するための基本的な姿勢です。,調剤業務マニュアル,AI
内規,調剤室業務,〇×問題,★★★,水剤ボトルのキャップが緩んでいないか、交付前に再確認する。,〇,漏れによる衣服の汚れや、服用量の不足を防ぎます。,調剤業務マニュアル,AI
内規,調剤室業務,〇×問題,★★,薬品の自主回収（クラスI等）の連絡が来た場合、対象ロットを直ちに隔離する。,〇,迅速な対応により、患者への被害拡大を防止します。,調剤業務マニュアル,AI
内規,調剤室業務,〇×問題,★,患者のプライバシーに配慮し、窓口では大きな声で病名などを話さない。,〇,医療従事者としての倫理的な配慮です。,調剤業務マニュアル,AI
内規,調剤室業務,〇×問題,★★★,点眼薬の混合（例：2液を1瓶に）は、原則として行ってはならない。,〇,防腐剤の濃度変化や微生物汚染のリスクがあるためです。,調剤業務マニュアル,AI
内規,調剤室業務,〇×問題,★★,計数調剤後のPTPくずは、床に落とさず専用のゴミ箱に捨てる。,〇,滑って転倒する危険や、調剤室の美化のためです。,調剤業務マニュアル,AI
内規,調剤室業務,〇×問題,★,患者に渡す薬袋が、雨などで濡れないよう袋に入れて渡す等の配慮をする。,〇,細やかなサービスで患者の信頼を得ます。,調剤業務マニュアル,AI
内規,調剤室業務,〇×問題,★★★,新しい機器を導入した際は、操作マニュアルの講習を全員で受ける。,〇,全員が正しい操作法を身につけ、事故を防ぎます。,調剤業務マニュアル,AI
内規,調剤室業務,〇×問題,★★,処方箋の印字が不鮮明な場合は、確認を怠らず、必要に応じて再発行を求める。,〇,情報の誤認は重大なミスに直結します。,調剤業務マニュアル,AI
内規,調剤室業務,〇×問題,★,終業時には、調剤室内の窓や扉の施錠を複数人で確認する。,〇,防犯と薬品管理の安全を確保するための最終チェックです。,調剤業務マニュアル,AI
内規,調剤室業務,〇×問題,★★★,調剤過誤の原因分析（なぜなぜ分析等）を行い、マニュアルに反映させる。,〇,同じミスを繰り返さないための組織的な学習です。,調剤業務マニュアル,AI
内規,調剤室業務,〇×問題,★★,患者から「薬の形が変わった」と言われた場合、名称が同じか再度確認する。,〇,銘柄変更や規格違いの可能性を疑い、誠実に対応します。,調剤業務マニュアル,AI
内規,調剤室業務,〇×問題,★,薬品の箱を捨てる際は、個人情報が記載されていないか確認する。,〇,納品伝票などの露出に注意します。,調剤業務マニュアル,AI
内規,調剤室業務,〇×問題,★★★,麻薬の廃棄物（飲み残し等）を患者から預かった場合、専用の台帳に記録する。,〇,廃棄までのプロセスを透明化し、不正使用を防止します。,調剤業務マニュアル,AI
内規,調剤室業務,〇×問題,★★,電話での処方内容の問い合わせは、必ずメモを取り、復唱して確認する。,〇,聞き間違いによる誤入力を防ぐための基本です。,調剤業務マニュアル,AI
内規,調剤室業務,〇×問題,★,明るく挨拶し、患者が質問しやすい雰囲気を作るよう心がける。,〇,円滑なコミュニケーションは服薬指導の質を高めます。,調剤業務マニュアル,AI
内規,調剤室業務,〇×問題,★,散剤を分包する際、分包紙のつなぎ目（テープ部分）が含まれる包は破棄する。,〇,破れやすく、印字も不鮮明になるため、患者に渡す包からは除外します。,調剤業務マニュアル,AI
内規,調剤室業務,〇×問題,★★,水剤のメスシリンダーを乾燥させる際、逆さまにして清潔な場所で保管する。,〇,埃の侵入を防ぎ、水切れを良くするための適切な保管方法です。,調剤業務マニュアル,AI
内規,調剤室業務,〇×問題,★★★,自動分包機のカセットを別の薬品に入れ替える際は、RFID（チップ）の設定も更新する。,〇,システムが正しく薬品を認識するために必要な手順です。,調剤業務マニュアル,AI
内規,調剤室業務,〇×問題,★★,計数調剤で「14錠」の処方に対し、PTPシート1枚（10錠）とバラ4錠で揃える。,〇,端数の計算間違いに注意して取り揃えます。,調剤業務マニュアル,AI
内規,調剤室業務,〇×問題,★,処方箋に「朱書き」で指示がある場合は、特に注意して内容を確認する。,〇,医師が特に強調したい事項であるため、見落とし厳禁です。,調剤業務マニュアル,AI
内規,調剤室業務,〇×問題,★★★,配合不適の疑いがある散剤の混合指示は、合意事項に関わらず疑義照会する。,〇,物理的・化学的な変化が予想される場合は、医師への確認が必要です。,調剤業務マニュアル,AI
内規,調剤室業務,〇×問題,★★,錠剤の自動分包機（Xana）のホッパー内に薬品が残っていないか、終了時に確認する。,〇,次回の異なる処方への混入（コンタミネーション）を防止します。,調剤業務マニュアル,AI
内規,調剤室業務,〇×問題,★,薬袋には、用法ごとに色分けしたラインが入っているものを使用する。,〇,患者が視覚的に「朝・昼・夕」を区別しやすくするための工夫です。,調剤業務マニュアル,AI
内規,調剤室業務,〇×問題,★★★,麻薬の「受領印」をもらい忘れた場合、後日必ず受け取りに行くか再確認する。,〇,法的書類としての完結性を保つために必須の確認事項です。,調剤業務マニュアル,AI
内規,調剤室業務,〇×問題,★★,冷蔵庫に保管すべき薬品が届いたら、検収後ただちに冷蔵庫へ入れる。,〇,コールドチェーン（低温維持）を途切れさせないための基本動作です。,調剤業務マニュアル,AI
内規,調剤室業務,〇×問題,★,患者から「薬が飲みにくい」と訴えがあった場合、剤形変更（錠剤から粉薬など）を検討し医師へ提案する。,〇,患者のコンプライアンス向上のための薬剤師の役割です。,調剤業務マニュアル,AI
内規,調剤室業務,〇×問題,★★,薬品棚の掃除は、薬品を一度すべて取り出してから拭き掃除を行うのが望ましい。,〇,棚の奥の汚れや、期限切れ薬品の発見にも繋がります。,調剤業務マニュアル,AI
内規,調剤室業務,〇×問題,★★★,「患者指定」の薬品がある場合、マニュアルに従い、指定通りの銘柄で調剤する。,〇,特別な理由がある場合を除き、患者の希望と医師の意図を尊重します。,調剤業務マニュアル,AI
内規,調剤室業務,〇×問題,★★,処方箋の再発行を行う際は、元の処方箋（原本）を確実に回収または無効化する。,〇,二重調剤を防止するための安全管理上のルールです。,調剤業務マニュアル,AI
内規,調剤室業務,〇×問題,★,お薬手帳の履歴から、直近の検査値（HbA1cなど）を確認し、服薬指導に活かす。,〇,数値に基づいたより具体的な指導が可能になります。,調剤業務マニュアル,AI
内規,調剤室業務,〇×問題,★★★,高度管理医療機器の販売時には、患者の氏名、住所、連絡先を記録しなければならない。,〇,法規（薬機法）に基づき、不具合発生時の連絡体制を整えます。,調剤業務マニュアル,AI
内規,調剤室業務,〇×問題,★★,「お薬のしおり（薬情）」には、副作用だけでなく、飲み忘れた時の対処法も記載されているか確認する。,〇,患者が不安にならないよう、適切な情報提供を行います。,調剤業務マニュアル,AI
内規,調剤室業務,〇×問題,★,調剤室内のゴミ箱は、一般ゴミと医療廃棄物（針など）を厳格に分ける。,〇,針刺し事故の防止と、廃棄物処理法を遵守するためのルールです。,調剤業務マニュアル,AI
内規,調剤室業務,〇×問題,★★★,システムトラブルで処方箋が出力されない場合、手書きで仮の処方録を作成して対応する。,〇,業務を完全に止めないためのバックアップ手順です。,調剤業務マニュアル,AI
内規,調剤室業務,〇×問題,★★,軟膏の容器を再利用（患者が持ってきた古い容器に詰める）することは原則禁止である。,〇,衛生上の理由と、残留薬剤の影響を避けるためです。,調剤業務マニュアル,AI
内規,調剤室業務,〇×問題,★,交付時、処方箋に記載された副作用歴やアレルギー歴と現物に矛盾がないか再点検する。,〇,対面での最終確認が事故を防ぐ最後のチャンスです。,調剤業務マニュアル,AI
内規,調剤室業務,〇×問題,★★★,麻薬の廃棄（飲み残し等）は、下水道への放流など、回収不能な方法で行うことが定められている。,〇,不正使用を防止するため、物理的に再利用できない形で処分します。,調剤業務マニュアル,AI
内規,調剤室業務,〇×問題,★★,特定の患者に向けた「メッセージ」がシステムにある場合、窓口担当者に確実に伝える。,〇,例：「吸入指導の再確認」「残薬の確認」など、連携が重要です。,調剤業務マニュアル,AI
内規,調剤室業務,〇×問題,★,薬品棚にある「毒薬」の表示は、遠くからでも識別できるように大きく掲示する。,〇,注意喚起のため、視覚的な識別性は重要です。,調剤業務マニュアル,AI
内規,調剤室業務,〇×問題,★★★,分包機の印字用インクリボンを交換した後は、印字のズレがないかテストを行う。,〇,用法や氏名が欠けるのを防ぐための保守点検です。,調剤業務マニュアル,AI
内規,調剤室業務,〇×問題,★★,薬品の納品伝票と現物の数が合わない場合は、その場で卸業者に確認する。,〇,在庫差異の発生を未然に防ぐための検収作業です。,調剤業務マニュアル,AI
内規,調剤室業務,〇×問題,★,調剤室内での私語は、業務に必要なコミュニケーションに限定する。,〇,集中力の欠如による調剤ミスを防止するための基本です。,調剤業務マニュアル,AI
内規,調剤室業務,〇×問題,★★,患者から「前回の薬が効かなかった」と言われた場合、詳細を聞き取り医師へ報告する。,〇,治療方針の見直しに繋がる重要な情報です。,調剤業務マニュアル,AI
内規,調剤室業務,〇×問題,★★★,散剤の自動分包機における「残薬」は、吸引機等で完全に取り除く。,〇,コンタミネーション防止のため、徹底した清掃が求められます。,調剤業務マニュアル,AI
内規,調剤室業務,〇×問題,★★,処方箋の備考欄に記載された「保険情報」の変更を見逃さない。,〇,会計トラブルやレセプト返戻を防ぐための事務的な監査です。,調剤業務マニュアル,AI
内規,調剤室業務,〇×問題,★,薬袋の氏名が、健康保険証の表記と一致しているか確認する。,〇,取り違い防止のため、正確な氏名表記を維持します。,調剤業務マニュアル,AI
内規,調剤室業務,〇×問題,★★★,特定生物由来製品の譲受記録は、20年間保存しなければならない。,〇,法的に定められた長期保存義務を遵守します。,調剤業務マニュアル,AI
内規,調剤室業務,〇×問題,★★,窓口が混雑している場合でも、一人ひとりの患者に対して丁寧な言葉遣いを心がける。,〇,医療機関としての信頼関係を維持するための姿勢です。,調剤業務マニュアル,AI
内規,調剤室業務,〇×問題,★,調剤台の上の処方箋は、風で飛ばないよう重しやバインダーで固定する。,〇,紛失や順番の入れ替わりを防ぐための物理的な対策です。,調剤業務マニュアル,AI
内規,調剤室業務,〇×問題,★★★,麻薬の在庫に「1錠」でも差異が生じた場合は、直ちに保健所等へ届け出る必要がある。,〇,盗難・紛失の疑いがある場合は、速やかな行政報告が義務付けられています。,調剤業務マニュアル,AI
内規,調剤室業務,〇×問題,★★,「要冷所」の薬品を患者に渡す際、持ち帰り時間に合わせた保冷バッグの使用を勧める。,〇,帰宅までの品質維持をサポートするための配慮です。,調剤業務マニュアル,AI
内規,調剤室業務,〇×問題,★,点眼薬のキャップの色が薬品によって異なることを利用し、患者に説明する。,〇,高齢者や視覚障害のある患者への間違い防止策として有効です。,調剤業務マニュアル,AI
内規,調剤室業務,〇×問題,★★★,インシデント報告は、個人の責任を追及するためではなく、システムの欠陥を見つけるために行う。,〇,心理的安全性を高め、再発防止に繋げるための重要な考え方です。,調剤業務マニュアル,AI
内規,調剤室業務,〇×問題,★★,調剤室の入り口は、関係者以外が容易に入れないよう、施錠や管理を徹底する。,〇,医薬品の盗難防止と、調剤作業の安全を守るためのセキュリティです。,調剤業務マニュアル,AI
内規,調剤室業務,〇×問題,★,処方箋の発行元（診療科）を確認し、典型的な副作用（眠気等）を予測する。,〇,疾患に合わせた適切な服薬指導を準備するためのステップです。,調剤業務マニュアル,AI
内規,調剤室業務,〇×問題,★★★,「後発医薬品に変更不可」のチェックがある場合、その理由が処方箋に記載されているか確認する。,〇,医学的な理由がある場合の指示に従い、適切に調剤します。,調剤業務マニュアル,AI
内規,調剤室業務,〇×問題,★★,複数の点眼薬がある場合、さす順番や間隔（5分あける等）を具体的に説明する。,〇,適切な治療効果を得るための基本的な指導内容です。,調剤業務マニュアル,AI
内規,調剤室業務,〇×問題,★,お薬手帳に貼るシールには、保険調剤明細の情報も含まれているか確認する。,〇,患者が支払った費用の内訳を理解できるようにします。,調剤業務マニュアル,AI
内規,調剤室業務,〇×問題,★★★,調剤室内の温度・湿度が適切に管理されているか、毎日記録を取る。,〇,医薬品の保管条件（室温保存等）を維持するための品質管理です。,調剤業務マニュアル,AI
内規,調剤室業務,〇×問題,★★,「お大事に」という言葉に、患者の回復を願う気持ちを込めて接する。,〇,ホスピタリティの向上が、患者の安心感に繋がります。,調剤業務マニュアル,AI
内規,調剤室業務,〇×問題,★,調剤済みの処方箋をスキャンして電子保存する場合、画像の不鮮明がないか確認する。,〇,法的な保存義務を満たすためのデータ管理です。,調剤業務マニュアル,AI
内規,調剤室業務,〇×問題,★★★,劇薬の譲渡には、受取人の署名または記名押印が必要な場合がある。,〇,法規制（薬機法）に基づき、適切な譲渡手続きを行います。,調剤業務マニュアル,AI
内規,調剤室業務,〇×問題,★★,薬袋プリンタの「紙詰まり」が発生した際、無理に引っ張ると内部部品を損傷する可能性がある。,〇,正しい復旧手順に従い、機器を大切に扱います。,調剤業務マニュアル,AI
内規,調剤室業務,〇×問題,★,調剤室内で発生した「小さなミス」も、チーム内で共有し、マニュアルを更新する材料にする。,〇,継続的な業務改善（カイゼン）のサイクルを回します。,調剤業務マニュアル,AI
内規,調剤室業務,〇×問題,★★,交付後、患者が薬局を出るまで見送り、忘れ物がないか等に気を配る。,〇,最後まで責任を持って患者に対応する姿勢です。,調剤業務マニュアル,AI
内規,注射室業務,〇×問題,★,注射箋のペーパーレス運用において、システム停止時でも紙の注射箋を送付することは一律で禁止されている。,×,停電やシステム停止時は各運用マニュアルに従い、状況に応じて紙での運用に切り替えます。,注射室業務マニュアル,AI
内規,注射室業務,〇×問題,★★,午前11:00はリーダーによる発注業務や、翌日分の定時注射の調剤・鑑査が行われる時間帯である。,〇,マニュアルの業務の流れに沿った正しいスケジュールです。,注射室業務マニュアル,AI
内規,注射室業務,〇×問題,★★★,物流システムにおける返却入力は、平日は薬剤師が行い、休日は事務員が行う。,×,正しくは「平日は事務員、休日は薬剤師」が担当します。,注射室業務マニュアル,AI
内規,注射室業務,4択問題 (単一選択),★,一般ゴミ（もえるゴミ）を廃棄する際に使用するビニール袋の色はどれか。,2|青色半透明|黒色半透明|白色不透明|赤色透明,病院指定のルールでは「黒色の半透明」を使用します。,注射室業務マニュアル,AI
内規,注射室業務,4択問題 (単一選択),★★,筋弛緩薬（ロクロニウム等）の払い出し方法として正しいものはどれか。,3|通常のカートに入れて搬送する|看護助手に手渡す|薬剤師や看護師等へ直接手渡しし受領印をもらう|事務員が病棟へ届ける,安全管理上、署名が必要なため直接手渡しが原則です。看護助手の受け取りは不可です。,注射室業務マニュアル,AI
内規,注射室業務,〇×問題,★★,注射カートにトレーを積み重ねる際、搬送の安全上の理由から高さ制限は30cmまでとされている。,〇,搬送時の視界確保と安全のため30cm以内と定められています。,注射室業務マニュアル,AI
内規,注射室業務,〇×問題,★★★,アブラキサンの検品時には、伝票に病院名・住所の入った印鑑を押印する必要がある。,〇,特定薬剤（向精神薬、特定生物由来製品、アブラキサン）の受領ルールとして明記されています。,注射室業務マニュアル,AI
内規,注射室業務,4択問題 (単一選択),★★★,停電時に自家発電により使用可能となる電源は何色か。,1|赤電源|白電源|青電源|緑電源,赤電源は自家発電であるため、停電時にも使用可能です。,注射室業務マニュアル,AI
内規,注射室業務,〇×問題,★★,使用期限が6ヶ月以内の薬品を払い出す場合は、請求部署へ連絡し了承を得る必要がある。,〇,期限の短い薬剤によるトラブルを防ぐため、了承を得た上で管理表に入力します。,注射室業務マニュアル,AI
内規,注射室業務,4択問題 (単一選択),★★,トリクロリールシロップを注射室から払い出す際、貼付すべきラベルの種類はどれか。,2|内服用ラベル|注射用小分けラベル（期限記入）|劇薬ラベル|外用ラベル,専用の小分けラベルに使用期限を記入し、印鑑を押して貼付します。,注射室業務マニュアル,AI
内規,注射室業務,〇×問題,★★,インフルエンザワクチンの払い出しは、個人セットの注射オーダーとして行われる。,×,インフルエンザワクチンはピッキングリストでの請求（物流請求）であり、個人セットでは払い出しません。,注射室業務マニュアル,AI
内規,注射室業務,4択問題 (単一選択),★★★,シューターで薬剤を送付する場合の最大重量制限はどれか。,3|1kg|3kg|5kg|10kg,シューターは通常3kg、最大で5kgまで送付可能です。,注射室業務マニュアル,AI
内規,注射室業務,〇×問題,★★,注射箋に「無菌処理」と印字されている場合は、TPN調製業務マニュアルに準じて調製を行う。,〇,無菌処理の印字があるものは、特定の調製手順に従う必要があります。,注射室業務マニュアル,AI
内規,注射室業務,〇×問題,★,15:00はリーダーによる2回目の発注業務が行われる時間である。,〇,午前11:00と午後15:00に発注業務が設定されています。,注射室業務マニュアル,AI
内規,注射室業務,4択問題 (単一選択),★★,外来化学療法の薬剤科での調製対象はどれか。,3|抗癌剤のみ|前投薬のみ|抗癌剤と前投薬の両方|薬剤科では調製しない,外来化学療法は、前投薬と抗癌剤の全てを薬剤科にて混注します。,注射室業務マニュアル,AI
内規,注射室業務,〇×問題,★★,長期連休の場合、休前日に発行する定時注射は最大で3日分までとする。,〇,長期連休時は最大3日分まで発行する規定があります。,注射室業務マニュアル,AI
内規,注射室業務,〇×問題,★★★,注射オーダーの中止処理は物流システムと連携しているため、サンシステムでの返却入力は不要である。,×,オーダーの中止は物流と連携していないため、別途サンシステムで返却入力が必要です。,注射室業務マニュアル,AI
内規,注射室業務,4択問題 (単一選択),★,注射室の終了業務において、削除箋・転棟処理の最終締めを行う時間はどれか。,3|12:00|15:00|16:00|18:00,16:00に削除箋・転棟処理、および終了業務が設定されています。,注射室業務マニュアル,AI
内規,注射室業務,〇×問題,★★,病棟の常備薬を補充する「ストック返し」の発行は、日勤者が朝一番に行う。,×,ストック返しの発行は、当直者が調剤室の処方発行前に行う業務です。,注射室業務マニュアル,AI
内規,注射室業務,〇×問題,★★★,不足薬が納品されトレーに追加する際、PDAを通せば調剤補助員のみで完結してよい。,×,調剤補助員がトレーに入れた場合は、必ず薬剤師が確認する必要があります。,注射室業務マニュアル,AI
内規,注射室業務,4択問題 (単一選択),★★,冷所保存が必要な薬剤を示す注射箋の印字の色は何色か。,1|青色|赤色|緑色|黄色,病棟でも冷所保存が必要な薬剤は、処方箋に青色で印字されます。,注射室業務マニュアル,AI
内規,注射室業務,〇×問題,★★★,外来の新生児科へのストック返しは、直接外来ブースへ搬送する。,×,外来の新生児科分は、NICU（新生児集中治療室）にストック返しします。,注射室業務マニュアル,AI
内規,注射室業務,〇×問題,★★,内視鏡室への払い出し時のみ、ピッキングリストのコピーを「控」として添付する。,〇,内視鏡室独自の運用として、控えの添付が定められています。,注射室業務マニュアル,AI
内規,注射室業務,4択問題 (単一選択),★★★,翌日0時から8時の間に投与がある化学療法レジメンの対応として正しいものはどれか。,2|翌朝8:30に調剤する|前日の日勤帯に調剤・鑑査まで実施する|当直者が夜間に調剤する|病棟で調剤する,0-8時投与がある場合は、前日のうちに調剤・鑑査まで完了させます。,注射室業務マニュアル,AI
内規,注射室業務,〇×問題,★,使用期限が切れた薬剤は、一般ゴミ（もえるゴミ）として廃棄してよい。,×,薬剤の廃棄は特定のルール（返却・廃棄の項目）に従う必要があります。,注射室業務マニュアル,AI
内規,注射室業務,〇×問題,★★,注射カートの搬送業務は、平日は18時から物品管理センターの担当者が行う。,〇,平日のカート搬送は18:00〜19:00に設定されています。,注射室業務マニュアル,AI
内規,注射室業務,4択問題 (単一選択),★★,薬品を払い出す際の箱の取り扱いについて、正しいルールはどれか。,4|箱に直接部署名を書く|外箱の薬剤名と中身が違ってもそのままでよい|輸液の箱でも薬剤名が違えば必ず消す|薬品自体に請求部署を直接書かない,返品や再利用の妨げになるため、薬品や外箱に直接部署名を書いてはいけません。,注射室業務マニュアル,AI
内規,注射室業務,〇×問題,★★★,PDAを用いた鑑査において、薬品が複数個ある場合は1回だけバーコードを読み込めばよい。,×,薬品が1個以上ある場合、調剤する数分のバーコードをすべて読み込む必要があります。,注射室業務マニュアル,AI
内規,注射室業務,〇×問題,★★,緊急処置で使用した生食や消毒薬は、オーダリングではなく物流請求として扱う。,〇,注射オーダーでない処置用薬剤などは原則として物流請求となります。,注射室業務マニュアル,AI
内規,注射室業務,4択問題 (単一選択),★,土日祝日の注射カート搬送を開始する時間はどれか。,2|13:00|15:00|17:00|18:00,休日の搬送開始時間は、平日より早い15:00となっています。,注射室業務マニュアル,AI
内規,注射室業務,〇×問題,★★,向精神薬の定時処方分は、他の薬剤と同様に個人トレーに入れて払い出してよい。,〇,定時処方分はトレーに入れて払い出し、病棟ではカート内で保管されます。,注射室業務マニュアル,AI
内規,注射室業務,〇×問題,★★★,発行済みの注射オーダーに間違いがあった場合、薬剤師が電子カルテ上で直接内容を修正する。,×,薬剤師は修正できないため、医師に依頼してオーダーを立て直してもらう必要があります。,注射室業務マニュアル,AI
内規,注射室業務,4択問題 (単一選択),★★,冷所保存薬剤の調剤時、一時的なセット場所として正しいのはどれか。,1|一旦個人トレーにセットする|最初から専用の冷所カゴに入れる|事務員のデスクに置く|ミキシング室に置く,調剤者は一旦トレーにセットし、その後の鑑査段階で専用カゴに分けられます。,注射室業務マニュアル,AI
内規,注射室業務,〇×問題,★★★,メディセオからの納品検品では、まず箱の個数のみ確認し、薬品の詳細は後で確認する。,〇,メディセオに対する特定の検品フローとして記載されています。,注射室業務マニュアル,AI
内規,注射室業務,〇×問題,★★,リフトを使用して薬剤を送る場合、最大重量は搬送物の自重を含めて50kgまでである。,〇,リフトの耐荷重についての規定です。,注射室業務マニュアル,AI
内規,注射室業務,4択問題 (単一選択),★★,白色ワセリンの物流請求が来た際、在庫が少なければ誰に作成を依頼するか。,2|当直薬剤師|事務員|卸業者|看護助手,ワセリンの小分け作成は事務員に依頼する運用となっています。,注射室業務マニュアル,AI
内規,注射室業務,〇×問題,★,注射箋の「緊急」区分とは、締め切り時間以後に予定入力された処方のことである。,〇,マニュアルにおける注射箋区分の定義通りです。,注射室業務マニュアル,AI
内規,注射室業務,〇×問題,★★★,月曜日の外来ストック返し発行時は、前日の日曜日分のみを指定すればよい。,×,休み明けは「休前日から休日分（金・土・日）」をまとめて設定する必要があります。,注射室業務マニュアル,AI
内規,注射室業務,4択問題 (単一選択),★★★,注射室の施錠管理や医薬品破損時の対応が記載されているマニュアルの章番号はどれか。,4|5章|10章|13章|16章,「16、その他」の章に、施錠や破損時の対応がまとめられています。,注射室業務マニュアル,AI
内規,注射室業務,〇×問題,★★,鑑査が終了した注射カートは、シャッターを正面に向けて職員通路に並べる。,〇,搬送や管理の効率化のための配置ルールです。,注射室業務マニュアル,AI
内規,注射室業務,〇×問題,★★★,検品業務は原則として事務員が行うが、欠品があった場合はリーダー薬剤師に報告する。,〇,検品の担当とトラブル時の報告ルートについての規定です。,注射室業務マニュアル,AI
内規,注射室業務,4択問題 (単一選択),★,注射室業務マニュアル第35版の最新改訂年月はいつか。,4|2024年5月|2025年3月|2025年6月|2025年8月,表紙に2025年8月改訂と記載されています。,注射室業務マニュアル,AI
内規,注射室業務,〇×問題,★★,翌日分の外来処方の発行は、朝8:30の時点ですでに行われているべき業務である。,〇,夜間の当直者が発行を済ませているスケジュールになっています。,注射室業務マニュアル,AI
内規,注射室業務,〇×問題,★★★,インフルエンザワクチンの出入庫は、冷蔵庫表面にある出納簿にメーカー名まで記入する。,〇,特定の薬剤における詳細な出納管理ルールです。,注射室業務マニュアル,AI
内規,注射室業務,4択問題 (単一選択),★★,「入院先渡」区分の注射箋の定義として正しいものはどれか。,2|予定より早く払い出す処方|病棟で薬剤使用後に入力された処方|手術室専用の処方|緊急で追加された処方,使用後に事後入力されたものを「先渡」と定義しています。,注射室業務マニュアル,AI
内規,注射室業務,〇×問題,★★,調剤が終了していないカートには、目印として「赤札」をつける。,〇,進捗状況を視覚的に把握するためのルールです。,注射室業務マニュアル,AI
内規,注射室業務,〇×問題,★★★,PDAの「取り揃え集計表」機能では、薬品の種類だけでなく正確な個数まで監査できる。,×,薬品種類の監査は可能ですが、個数までの監査はできない仕様です。,注射室業務マニュアル,AI
内規,注射室業務,4択問題 (単一選択),★,注射室のゴミ分別において、生ごみや飲食に伴うプラスチックはどの袋に捨てるか。,1|黒い半透明（一般ゴミ）|黄色のバイオハザード|透明なポリ袋|青いビニール袋,これらは一般ゴミに分類され、黒い半透明の袋を使用します。,注射室業務マニュアル,AI
内規,注射室業務,〇×問題,★★,16:30は、助手による「外来（翌日分）」の最終搬送が行われる時間である。,〇,夕方の外来分搬送スケジュールについての規定です。,注射室業務マニュアル,AI
内規,注射室業務,〇×問題,★★★,トーショー締めPCで「注射払出機を使用する」のチェックを外すと、手払い運用に切り替わる。,〇,システムの操作方法に関する規定です。,注射室業務マニュアル,AI
内規,注射室業務,4択問題 (単一選択),★★,筋弛緩薬の受け取りが許可されていない職種はどれか。,4|病棟薬剤師|看護師|クラーク|看護助手,看護助手による筋弛緩薬の受け取りは禁止されています。,注射室業務マニュアル,AI
内規,注射室業務,〇×問題,★★★,欠品薬品が納品された後、トレーに補充する際は再度PDAでのバーコード認証が必要である。,〇,欠品中断後の再開手順として明記されています。,注射室業務マニュアル,AI
内規,注射室業務,〇×問題,★,注射箋の記載事項には、患者の身長や体重も含まれる。,〇,安全な投与設計のために必要な情報が印字されます。,注射室業務マニュアル,AI
内規,注射室業務,4択問題 (単一選択),★★★,週末の定時発行手順において、ピッキングマシンの状況を見ながら開始する目安時間は。,1|9:30頃|10:30頃|11:30頃|13:00頃,休前日の定時発行は、作業量多いため9:30頃からの開始が目安です。,注射室業務マニュアル,AI
内規,注射室業務,〇×問題,★★,外来化学療法のレジメンチェックは、投与当日の朝にまとめて行う。,×,原則として実施日前日に電子カルテから仮発行し、チェックを行います。,注射室業務マニュアル,AI
内規,注射室業務,〇×問題,★★★,病棟から「今日使うので冷所薬を至急ほしい」と依頼があった場合、チャック袋に冷所ラベルを貼って渡す。,〇,手払い時の緊急対応手順として正しい方法です。,注射室業務マニュアル,AI
内規,注射室業務,4択問題 (単一選択),★★,健診センターから物流請求があった際、薬剤を届けるのは誰か。,4|物品管理センター|薬剤師|事務員|健診センターの看護師（取りに来る）,健診センターは看護師が窓口に取りに来る運用です。,注射室業務マニュアル,AI
内規,注射室業務,〇×問題,★,注射室業務マニュアル第35版は、2023年にチェックリストと統合された。,〇,改訂履歴にその旨が記載されています。,注射室業務マニュアル,AI
内規,注射室業務,〇×問題,★★★,物流システムでの返却入力時、PDA操作方法がわからない場合は「15章の4」を参照する。,〇,機器の操作マニュアルの参照先についての規定です。,注射室業務マニュアル,AI
内規,注射室業務,4択問題 (単一選択),★★,注射箋に印字される「IRIS警告」は何を確認するためのものか。,2|在庫の有無|処方内容の安全性チェック|薬品の価格|廃棄の方法,処方の安全性（投与量や相互作用など）をシステムでチェックした結果です。,注射室業務マニュアル,AI
内規,注射室業務,〇×問題,★★,18:00以降の夜間に化学療法のレジメン発行依頼があった場合、当直者は内容を聞いて対応を判断する。,〇,当直者の夜間業務範囲についての規定です。,注射室業務マニュアル,AI
内規,注射室業務,〇×問題,★★★,ピッキングリストで払い出す薬剤が不足した場合、ラベルに不足数を記載して箱に貼る必要がある。,〇,不足時の連絡と表示に関するルールです。,注射室業務マニュアル,AI
内規,注射室業務,4択問題 (単一選択),★,「入院必要時」区分の定義として正しいものはどれか。,3|定期的に使用する薬剤|緊急で1回だけ使用する薬剤|病棟で頓用的に使用する薬剤|医師が持参する薬剤,頓用（必要時）に使用するものを指します。,注射室業務マニュアル,AI
内規,注射室業務,〇×問題,★★,注射カートに箱を載せる際、ソルデムやラクテックの箱であれば2段まで積み重ねてよい。,×,これらの箱は1つまで（高さ30cm以内）と制限されています。,注射室業務マニュアル,AI
内規,注射室業務,〇×問題,★★★,ICU病棟で使用するプロポフォールなどは、個人のオーダーがあっても物流請求として扱える。,〇,大量に使用する薬剤に関する例外規定です。,注射室業務マニュアル,AI
内規,注射室業務,4択問題 (単一選択),★★,注射室の冷蔵庫（72番）からインフルエンザワクチンを出す際、一緒に払い出すものはどれか。,2|専用のシリンジ|ロットシールの半分|アルコール綿|保冷剤,トレーサビリティのため、ロットシールを半分切って添付します。,注射室業務マニュアル,AI
内規,注射室業務,〇×問題,★,注射箋の種別には「入院」と「外来」の他に「麻薬注射」という共通区分がある。,〇,種別と定義の表に記載されています。,注射室業務マニュアル,AI
内規,注射室業務,〇×問題,★★★,休前日に翌日・翌々日分をまとめて締め処理する場合、特定の病棟では「完了ユニット」を選択する。,〇,発行手順におけるシステム操作の指示です。,注射室業務マニュアル,AI
内規,注射室業務,4択問題 (単一選択),★★,注射室の事務員が行う「配布物」についての規定がある章はどれか。,3|4章|9章|16章|1章,「16、その他」の9項に事務員の配布物についての記載があります。,注射室業務マニュアル,AI
内規,注射室業務,〇×問題,★★,鑑査が終了した注射箋は、そのままカートの個人トレーの中に入れて病棟へ送る。,×,鑑査終了後の注射箋は、個人トレーではなく処方箋棚にしまいます。,注射室業務マニュアル,AI
内規,注射室業務,〇×問題,★★★,西6病棟の生食2Lボトルは、重いため個人トレーに入れずカートの上に直接置く。,〇,重量物に関する積載の工夫についての規定です。,注射室業務マニュアル,AI
内規,注射室業務,4択問題 (単一選択),★★,注射室業務の流れにおいて「終業」とされる時間はいつか。,3|16:00|16:30|17:00|17:30,17:00に終業と定められています。,注射室業務マニュアル,AI
内規,注射室業務,〇×問題,★,「削除」区分の注射箋は、一部中止や減量など、元の処方を修正するために発行される。,〇,修正や削除の際に出力される処方箋です。,注射室業務マニュアル,AI
内規,注射室業務,〇×問題,★★★,物流請求において、救命病棟のピッキングリストは翌日の集計表から差し引く作業が必要である。,〇,在庫の二重引き落としを防ぐための管理手順です。,注射室業務マニュアル,AI
内規,注射室業務,4択問題 (単一選択),★★,PDAを使用する際、ユーザー認証のために読み込ませるものはどれか。,3|注射箋のバーコード|薬品のGS1コード|名札のバーコード|指紋,ログインには名札のバーコードを使用します。,注射室業務マニュアル,AI
内規,注射室業務,〇×問題,★★,シューターで薬剤を送る際、アンプル剤などは破損防止のためアンプルベッドを使用する。,〇,搬送時の安全対策に関する規定です。,注射室業務マニュアル,AI
内規,注射室業務,〇×問題,★★★,在庫管理において、サンシステムハンディ端末の操作方法は15章の4項に詳しく記載されている。,〇,マニュアル内の参照先についての正しい記述です。,注射室業務マニュアル,AI
内規,注射室業務,4択問題 (単一選択),★,外来注射箋のうち、救急外来で薬剤使用後に入力される区分はどれか。,4|外来|外来必要時|外来修正|外来先渡,「先渡」の定義通りです。,注射室業務マニュアル,AI
内規,注射室業務,〇×問題,★★,注射カートには、異なる日付のトレー（例：今日分と明日分）を一緒に載せてはいけない。,〇,誤投与防止のため、日付ごとにカートを分けるルールです。,注射室業務マニュアル,AI
内規,注射室業務,〇×問題,★★★,特定の条件下で、後発医薬品への変更調剤を薬剤師が行うことが認められている。,〇,原則は医師ですが、後発品変更などは薬剤師が行う場合もあります。,注射室業務マニュアル,AI
内規,注射室業務,4択問題 (単一選択),★★,「血液製剤ラベル」はどのような場合に発行されるか。,3|すべての注射薬|毒薬がある場合|血液製剤がある場合（本数分）|冷所保存薬がある場合,血液製剤特有の管理用ラベルです。,注射室業務マニュアル,AI
内規,注射室業務,〇×問題,★,注射箋には、患者の生年月日や年齢、性別も印字されている。,〇,患者情報の詳細が印字項目に含まれています。,注射室業務マニュアル,AI
内規,注射室業務,〇×問題,★★★,ピッキングリストの払い出し済み分をストック返しから差し引く際、専用のクリップを確認する。,〇,現場での実運用上のチェックポイントです。,注射室業務マニュアル,AI
内規,注射室業務,4択問題 (単一選択),★★,注射室の冷蔵庫の温度管理など、環境管理について記載されている章番号はどれか。,4|5章|8章|12章|14章,「14、薬品管理」の中に室温・湿度管理が含まれます。,注射室業務マニュアル,AI
内規,注射室業務,〇×問題,★★,不足薬品の出庫伝票への記載は、必ず薬剤師が行わなければならない。,×,調剤補助員でも薬剤師でも、払い出しのサインを行うことができます。,注射室業務マニュアル,AI
内規,注射室業務,〇×問題,★★★,MRI室やCT室へのストック返し搬送は、外来助手が担当する。,〇,部署ごとの搬送担当者が細かく指定されています。,注射室業務マニュアル,AI
内規,注射室業務,4択問題 (単一選択),★,「入院定時」の締め切り時間以前に予定入力された処方を何と呼ぶか。,1|定時|緊急|通常|予約,定義表に基づいた名称です。,注射室業務マニュアル,AI
内規,注射室業務,〇×問題,★★,注射処方箋の調剤欄には、作業終了後に必ず調剤印押印する。,〇,責任の所在を明確にするための基本動作です。,注射室業務マニュアル,AI
内規,注射室業務,〇×問題,★★★,サンシステムで返却入力を行う際、修正前のオーダーの返却が不要なケースがある。,〇,修正前のオーダーが相殺される特定の条件下では不要です。,注射室業務マニュアル,AI
内規,注射室業務,4択問題 (単一選択),★★,ストック返しの集計表に【冷】と記載がある薬剤に対し、行うべき処置はどれか。,3|そのまま箱に入れる|赤いラベルを貼る|冷所シールを貼り他と区別する|薬剤師に直接渡す,冷所薬の識別と品質保持のための手順です。,注射室業務マニュアル,AI
内規,注射室業務,〇×問題,★,注射室業務マニュアル第35版の目次は、全部で16の大きな項目で構成されている。,〇,目次の構成に関する正しい記述です。,注射室業務マニュアル,AI
内規,注射室業務,〇×問題,★★★,休日の定時発行において、A7西とA7東の病棟は1日分ずつ締め処理を行う手順がある。,〇,連休時等の特殊なシステム操作手順です。,注射室業務マニュアル,AI
内規,注射室業務,4択問題 (単一選択),★★,「トレー表示器」に表示される情報に含まれないものはどれか。,4|病棟・病室|患者名|投薬日|薬品名,表示器には患者特定情報と日付が表示されますが、薬品名は含まれません。,注射室業務マニュアル,AI
内規,注射室業務,〇×問題,★★,毒薬冷蔵庫横のクリップには、業者からの「欠品連絡票」を留めておく。,〇,欠品情報の共有場所としての規定です。,注射室業務マニュアル,AI
内規,注射室業務,〇×問題,★★★,救急外来のストック返し発行において、中央処置室とは異なり土日祝日も発行作業を行う。,〇,部署の稼働状況に応じた発行スケジュールの違いです。,注射室業務マニュアル,AI
内規,注射室業務,4択問題 (単一選択),★,「バーコードラベル」が出力されるタイミングはいつか。,1|ピッキングマシン等の払い出し時|発注時|薬品納品時|医師が入力した時,調剤・払い出しの工程でシステムから出力されます。,注射室業務マニュアル,AI
内規,注射室業務,〇×問題,★★,生食シリンジを個人トレーに入れず専用カゴにまとめるのは、トレーの個数を減らすためである。,〇,カートの積載効率を高めるための運用上の工夫です。,注射室業務マニュアル,AI
内規,注射室業務,〇×問題,★★★,物流制御PCの操作方法について記載されている章は、16章の11項である。,〇,マニュアル内の項目番号に関する正しい記述です。,注射室業務マニュアル,AI
内規,注射室業務,4択問題 (単一選択),★★,注射薬の「期限チェック表」は、ファイルサーバーのどのフォルダ内にあるか。,2|common|yakuzai-jimu|manual|system,期限管理用の共有ファイル保存場所についての規定です。,注射室業務マニュアル,AI
内規,注射室業務,〇×問題,★,注射室業務マニュアル第35版は、2025年3月にも改訂が行われている。,〇,改訂履歴に記載されている最新の変遷です。,注射室業務マニュアル,AI
内規,注射室業務,〇×問題,★,注射箋の右上に「（毒）」と印字されている薬剤は、毒薬として厳重に管理する必要がある。,〇,毒薬には処方箋上に特定の印字がなされ、一目で判別できるようになっています。,注射室業務マニュアル,AI
内規,注射室業務,〇×問題,★★,向精神薬の事故（破損など）が発生した場合、速やかに「向精神薬・筋弛緩薬事故報告書」を記載し提出する。,〇,マニュアルの「16、その他」の4項に事故時の具体的な報告手順が定められています。,注射室業務マニュアル,AI
内規,注射室業務,〇×問題,★★★,物流システムでの出庫入力時、薬品名が赤字で表示されているものは「在庫不足」を意味している。,〇,システムの表示色による状態判別についての規定です。,注射室業務マニュアル,AI
内規,注射室業務,4択問題 (単一選択),★★,針刺し事故が発生した場合、直ちに行うべき処置として正しいものはどれか。,2|傷口を強く縛る|流水と石鹸で傷口を十分に洗う|アルコールで消毒して絆創膏を貼る|そのまま放置して業務を続ける,流水と石鹸での洗浄が最優先の応急処置です。その後、速やかに報告します。,注射室業務マニュアル,AI
内規,注射室業務,4択問題 (単一選択),★★★,注射室の湿度管理において、許容される湿度範囲はどれか。,2|30%以下|70%以下|80%以上|設定なし,薬品の品質保持のため、湿度は70%以下に保つよう管理されています。,注射室業務マニュアル,AI
内規,注射室業務,〇×問題,★★,外来化学療法の調製において、当日朝の「実施確定」が出る前に抗がん剤の混合を開始してよい。,×,必ず電子カルテで医師の「実施」の指示を確認してから調製を開始します。,注射室業務マニュアル,AI
内規,注射室業務,〇×問題,★★★,休日当番が緊急で薬剤を卸業者に発注した場合、納品された薬剤の検品は翌営業日の事務員に任せる。,×,当番者が自ら納品を確認し、適切に保管・処理を行う必要があります。,注射室業務マニュアル,AI
内規,注射室業務,4択問題 (単一選択),★★,「血液製剤」を払い出す際、管理のために薬品に貼付するものはどれか。,3|冷所ラベル|劇薬シール|専用の血液製剤管理ラベル|患者の顔写真,血液製剤にはロット番号などを管理するための専用ラベルを貼付します。,注射室業務マニュアル,AI
内規,注射室業務,〇×問題,★★,注射カートのロック（施錠）は、搬送時以外は常時開けておいてよい。,×,盗難や誤取り出し防止のため、管理下にある時以外は施錠が基本です。,注射室業務マニュアル,AI
内規,注射室業務,4択問題 (単一選択),★★★,注射室にある「薬品保冷庫（72番）」の温度が異常（警報作動など）になった際の連絡先はどこか。,1|施設管理課（または当直）|総務課|製薬メーカー|警察,設備の異常については施設担当部署への連絡が必要です。,注射室業務マニュアル,AI
内規,注射室業務,〇×問題,★,マニュアルの第35版には、個人情報保護に関する遵守事項も含まれている。,〇,医療従事者として当然の責務として明記されています。,注射室業務マニュアル,AI
内規,注射室業務,〇×問題,★★,「削除箋」が届いた際、すでに薬剤が払い出し済みの場合は、速やかに病棟へ連絡して回収する。,〇,誤投与を防ぐための重要なリカバリー手順です。,注射室業務マニュアル,AI
内規,注射室業務,4択問題 (単一選択),★★★,サンシステムでの「返品処理」において、1つのオーダーで複数本のうち1本だけ返品する場合の操作は。,2|すべて返品してから出し直す|返品数を「1」として入力する|操作できないので手書きで修正する|削除箋が出るまで待つ,部分的な返品入力手順がシステム上で定められています。,注射室業務マニュアル,AI
内規,注射室業務,〇×問題,★★,注射薬の混合調製において、複数のバイアルを吸い上げる際は、その都度針を交換することが望ましい。,〇,無菌性の維持とコンタミネーション防止のための基本原則です。,注射室業務マニュアル,AI
内規,注射室業務,〇×問題,★★★,手術室へのストック返しにおいて、麻薬が含まれる場合は事務員ではなく薬剤師が直接届ける。,〇,規制薬物の搬送ルートに関する厳格な運用ルールです。,注射室業務マニュアル,AI
内規,注射室業務,4択問題 (単一選択),★,「輸液」とは通常、容量が何mL以上の注射剤を指すか。,2|50mL|100mL|500mL|1000mL,マニュアル上の区分や一般的な定義に基づきます。,注射室業務マニュアル,AI
内規,注射室業務,〇×問題,★★,PDAで「不一致」と警告が出たが、見た目が同じ薬品だったのでそのまま鑑査を完了させた。,×,PDAの警告は無視せず、必ず原因を確認し、正しい薬品と照合し直さなければなりません。,注射室業務マニュアル,AI
内規,注射室業務,〇×問題,★★★,救急外来（ER）で使用する「キット製品」は、緊急性を考慮してダブルチェックを省略できる。,×,いかなる場合も、原則として複数の職員によるチェックを経て払い出すべきです。,注射室業務マニュアル,AI
内規,注射室業務,4択問題 (単一選択),★★,注射室の清掃業務において、調剤台の清拭に使用する薬剤はどれか。,1|70%イソプロパノール|精製水|次亜塩素酸ナトリウム|ポビドンヨード,一般的な消毒・清掃にはイソプロパノール（またはエタノール）を使用します。,注射室業務マニュアル,AI
内規,注射室業務,〇×問題,★★,「自己注射」として処方された薬剤（インスリン等）も、注射室の業務範囲に含まれる。,〇,入院・外来問わず、注射剤の形態であれば注射室で管理・払い出しを行います。,注射室業務マニュアル,AI
内規,注射室業務,〇×問題,★★★,物流システムのPCがフリーズした場合、まずは電源ボタンを長押しして強制終了する。,×,システム故障時の連絡手順に従い、情報担当部署等へ相談するのが先決です（マニュアルのトラブル対応参照）。,注射室業務マニュアル,AI
内規,注射室業務,4択問題 (単一選択),★,注射室業務マニュアルの「目的」として適切でないものはどれか。,4|業務の標準化|医療安全の確保|効率的な薬剤供給|個人の判断による自由な調剤,マニュアルは標準化と安全のためにあり、個人の恣意的な判断を排除するためにあります。,注射室業務マニュアル,AI
内規,注射室業務,〇×問題,★★,病棟の看護師から「薬品を床に落として割ってしまった」と連絡があった場合、無償で再払い出ししてよい。,×,事故報告書の提出を求め、適切な処理（物流入力等）を行った上で払い出します。,注射室業務マニュアル,AI
内規,注射室業務,〇×問題,★★★,外来化学療法の「休薬」が決まった場合、すでに調製済みの薬剤は原則として破棄し、返金処理は行わない。,×,未使用・未開封であれば返金等の検討が必要ですが、調製後の扱いは病院の規定に従います。,注射室業務マニュアル,AI
内規,注射室業務,4択問題 (単一選択),★★,注射箋に「遮光」の指示がある薬剤に対し、行うべき適切な処置はどれか。,2|透明な袋に入れる|遮光袋（茶色等）に入れる|アルミホイルで巻く|冷蔵庫の奥に入れる,品質保持のため、専用の遮光袋を使用して払い出します。,注射室業務マニュアル,AI
内規,注射室業務,〇×問題,★★,17:00以降の夜間救急での注射薬の払い出しは、原則として当直薬剤師がすべて一人で調剤・鑑査を行う。,×,夜間でも可能な限りダブルチェックを行う体制（他部門との協力等）が推奨されています。,注射室業務マニュアル,AI
内規,注射室業務,〇×問題,★★★,サンシステムで「未回収」となっている空トレーは、システム上で強制的に「回収済」に書き換えてよい。,×,現物を確認せずにシステムを操作すると、実際の在庫やカート管理に齟齬が生じます。,注射室業務マニュアル,AI
内規,注射室業務,4択問題 (単一選択),★,注射室での「手洗い」のタイミングとして最も重要なのはどれか。,1|調剤を開始する直前|休憩に入る時|電話対応の後|ゴミを捨てた後,無菌操作や調剤の直前には必ず衛生的な手洗いが必要です。,注射室業務マニュアル,AI
内規,注射室業務,〇×問題,★★,使用済みの「アンプル」は、感染性廃棄物（黄色バイオハザード）の容器に捨てる。,〇,鋭利なガラス破片となるため、適切な廃棄容器に捨てます。,注射室業務マニュアル,AI
内規,注射室業務,〇×問題,★★★,「後発品」がある薬剤で、医師の指示が「先発品」であった場合、薬剤師の判断で後発品に変更して払い出した。,×,処方箋の指示に従うのが原則であり、変更には医師の了承（または院内ルール）が必要です。,注射室業務マニュアル,AI
内規,注射室業務,4択問題 (単一選択),★★,注射カートに貼る「行先表示（病棟名）」が見えにくくなっていた場合、どうすべきか。,2|そのままにする|速やかに新しいラベルに貼り替える|マジックで手書きする|剥がして放置する,誤配防止のため、識別表示は常に明瞭である必要があります。,注射室業務マニュアル,AI
内規,注射室業務,〇×問題,★★,「1回使い切り」のバイアル薬剤が残った場合、清潔に保管して翌日の他の患者に使用する。,×,原則として単回使用薬剤の使い回しは感染防止の観点から禁止されています。,注射室業務マニュアル,AI
内規,注射室業務,〇×問題,★★★,ピッキングマシン（自動払い出し機）の薬品補充は、事務員が一人で行ってもよい。,×,薬品の充填ミスは重大な過誤に繋がるため、必ず薬剤師が確認を行う必要があります。,注射室業務マニュアル,AI
内規,注射室業務,4択問題 (単一選択),★★★,注射室の「非常用持ち出しバッグ」の保管場所はどこか。,3|リーダーの机の中|冷蔵庫の中|入り口付近の指定の棚|地下倉庫,緊急時にすぐに持ち出せる場所に配置されています。,注射室業務マニュアル,AI
内規,注射室業務,〇×問題,★,注射室業務に従事する際は、清潔な白衣（またはスクラブ）と名札を着用しなければならない。,〇,身だしなみと識別に関する基本ルールです。,注射室業務マニュアル,AI
内規,注射室業務,〇×問題,★★,注射薬の「配合変化」を調べるために、注射室には専用の書籍やデータベースが備え付けられている。,〇,安全な混注業務のために、情報参照が容易な環境になっています。,注射室業務マニュアル,AI
内規,注射室業務,4択問題 (単一選択),★★★,「高濃度カリウム製剤」の払い出しにおける特別な制限はどれか。,1|希釈せずにそのまま渡してはいけない|事務員が渡してよい|常温で保管する|ラベルを貼らなくてよい,致死的な事故に繋がりやすいため、取り扱いには厳格な注意が必要です。,注射室業務マニュアル,AI
内規,注射室業務,〇×問題,★★,病棟の「常備薬（ストック）」の有効期限チェックは、病棟薬剤師が責任を持って行う。,〇,各部署の在庫管理責任についての規定です。,注射室業務マニュアル,AI
内規,注射室業務,〇×問題,★★★,注射箋に「返品不可」とスタンプが押されている薬剤（特注品等）は、いかなる理由でも返品を受け付けない。,〇,特定の薬剤における返品ルールです。,注射室業務マニュアル,AI
内規,注射室業務,4択問題 (単一選択),★★,注射薬の名称類似による事故を防ぐため、注射室で行っている工夫はどれか。,2|すべての薬を同じ場所に置く|棚に注意喚起のラベルや写真を貼る|名前を暗記する|略称で呼ぶ,視覚的な注意喚起が効果的な対策として推奨されています。,注射室業務マニュアル,AI
内規,注射室業務,〇×問題,★★,注射室の電話対応において、口頭での処方変更依頼は聞き間違いの恐れがあるため、必ず電子カルテの修正を求める。,〇,「言った・言わない」のトラブルや誤りを防ぐための基本です。,注射室業務マニュアル,AI
内規,注射室業務,〇×問題,★★★,「未滅菌」のシリンジを無菌調製に使用しても、後でフィルターを通せば問題ない。,×,調製過程のすべてにおいて、適切な滅菌・無菌資材を使用する必要があります。,注射室業務マニュアル,AI
内規,注射室業務,4択問題 (単一選択),★,注射室業務における「ヒヤリハット」が発生した際、まず行うべきことは何か。,1|リーダーへの報告と是正措置|隠しておく|同僚にだけ話す|忘れる,再発防止のために組織的な共有と対策が不可欠です。,注射室業務マニュアル,AI
内規,注射室業務,〇×問題,★★,薬品の棚卸し業務は、正確を期すために原則として2名一組で行う。,〇,在庫管理の正確性を担保するための手順です。,注射室業務マニュアル,AI
内規,注射室業務,〇×問題,★★★,「特定生物由来製品」の記録は、法的に20年間の保存が義務付けられている。,〇,血液製剤等の長期的なトレーサビリティ確保のための法的義務です。,注射室業務マニュアル,AI
内規,注射室業務,4択問題 (単一選択),★★,注射薬の「充填」作業において、誤った薬品を入れてしまった場合の対応はどれか。,1|直ちにすべて取り出し、正しい薬品を詰め直す|バレなければそのままにする|上に正しい薬品を重ねる|後で修正する,過誤に気づいた時点で、速やかに根本的な修正を行う必要があります。,注射室業務マニュアル,AI
内規,注射室業務,〇×問題,★,注射室マニュアルは、必要に応じて随時見直しが行われ、版数が更新される。,〇,マニュアルの最新性を維持するための運用です。,注射室業務マニュアル,AI
内規,注射室業務,〇×問題,★★,注射カートのタイヤにゴミが絡まっている場合は、安全な走行のために清掃を行う。,〇,設備メンテナンスの基本的な心得です。,注射室業務マニュアル,AI
内規,注射室業務,4択問題 (単一選択),★★★,「CADDカセット」など、特殊な注入ポンプに使用する薬剤の調製場所はどこか。,3|事務机の上|廊下のベンチ|クリーンベンチ内|病棟のナースステーション,無菌性が求められる調製は適切な環境下で行います。,注射室業務マニュアル,AI
内規,注射室業務,〇×問題,★★,薬品の「外箱」だけが破損しており、中身のバイアルが未開封で無傷であれば、そのまま払い出してよい。,×,外箱の破損は品質への疑念を抱かせるため、原則として良品と交換するか、理由を明示します。,注射室業務マニュアル,AI
内規,注射室業務,〇×問題,★★★,物流システムで「入庫確定」を押し忘れると、棚卸し時に在庫数が合わなくなる原因となる。,〇,システム操作の完遂が正確な在庫管理に直結します。,注射室業務マニュアル,AI
内規,注射室業務,4択問題 (単一選択),★,注射室で使用する「ハサミ」や「カッター」の管理方法として正しいものは。,2|ポケットに入れて持ち歩く|使用後は定位置に戻し、紛失がないか確認する|誰でも使えるよう床に置く|貸し出しは自由に行う,紛失や事故を防ぐための整理整頓の基本です。,注射室業務マニュアル,AI
内規,注射室業務,〇×問題,★★,冷蔵庫の温度記録表は、1日2回（朝・夕）確認し、記録を残す。,〇,温度管理の継続的な記録が求められています。,注射室業務マニュアル,AI
内規,注射室業務,〇×問題,★★★,特定の「臨床研究」で使用する薬剤は、通常の払い出しルートとは別に管理する必要がある。,〇,研究プロトコルに基づいた厳格な管理が求められます。,注射室業務マニュアル,AI
内規,注射室業務,4択問題 (単一選択),★★,注射室の入り口に掲示されている「当番表」は何を確認するためのものか。,1|その日の業務担当者と責任者|昨日のメニュー|病院の歴史|明日の天気,責任体制を明確にするための掲示物です。,注射室業務マニュアル,AI
内規,注射室業務,〇×問題,★★,「バイアル」のゴム栓を消毒する際は、アルコール綿で一方向に拭くのが正しい。,〇,往復拭きは汚染を広げる可能性があるため、一方向または円を描くように拭きます。,注射室業務マニュアル,AI
内規,注射室業務,〇×問題,★★★,「緊急カート」の薬剤補充依頼が来た場合、最優先業務として即座に対応する。,〇,救命に直結する薬剤の確保は最優先事項です。,注射室業務マニュアル,AI
内規,注射室業務,4択問題 (単一選択),★,注射箋の「バーコード」が汚れていて読み込めない場合の対応は。,1|再発行するか、手動で番号を入力して確認する|勘で進める|放置する|捨てる,確実な認証ができない場合は、代替手段か再発行が必要です。,注射室業務マニュアル,AI
内規,注射室業務,〇×問題,★★,「返品」された薬剤が冷所保存品であった場合、保冷バッグ等に入っていなければ廃棄を検討する。,〇,温度管理の逸脱が疑われる場合は、品質を保証できないため再利用しません。,注射室業務マニュアル,AI
内規,注射室業務,〇×問題,★★★,「調剤補助員」は、薬剤師の指示があれば、処方内容の鑑査（最終確認）を単独で行ってよい。,×,鑑査は薬剤師の独占業務であり、最終的な責任は薬剤師が負います。,注射室業務マニュアル,AI
内規,注射室業務,4択問題 (単一選択),★★,注射薬の「力価（濃度）」計算に自信がない時、どうすべきか。,1|他の薬剤師にダブルチェックを頼む|自分で何度も計算し直すだけで済ます|一番多い量で調剤する|適当に決める,安全のために、他者の目による確認が最も確実です。,注射室業務マニュアル,AI
内規,注射室業務,〇×問題,★★,注射室の床に水がこぼれていた場合、転倒事故防止のためすぐに拭き取る。,〇,労働安全衛生および医療安全の観点から重要です。,注射室業務マニュアル,AI
内規,注射室業務,〇×問題,★★★,「患者持参」の注射薬を院内で使用する場合、薬剤科での内容確認は不要である。,×,持参薬であっても、内容や品質、適正使用の確認は薬剤師の役割です。,注射室業務マニュアル,AI
内規,注射室業務,4択問題 (単一選択),★,注射室での私語について、適切な態度はどれか。,2|常に大声で話す|業務に集中し、必要な連絡以外は慎む|音楽を聴きながら作業する|雑談を優先する,集中力の維持とミスの防止のために、私語の慎みが必要です。,注射室業務マニュアル,AI
内規,注射室業務,〇×問題,★★,「ガラス製」のシリンジを使用する際は、ヒビや欠けがないか事前に目視で確認する。,〇,破損やケガ、汚染を防ぐための基本的な動作です。,注射室業務マニュアル,AI
内規,注射室業務,〇×問題,★★★,「災害時」の注射薬供給については、BCP（事業継続計画）に沿った特定の優先順位がある。,〇,限られた資源を有効活用するための非常時ルールです。,注射室業務マニュアル,AI
内規,注射室業務,4択問題 (単一選択),★★,注射室の「シュレッダー」にかけるべき書類はどれか。,1|患者名が記載された注射箋の控え|空箱の破片|一般のチラシ|自分のメモ,個人情報が含まれる書類は適切に廃棄する必要があります。,注射室業務マニュアル,AI
内規,注射室業務,〇×問題,★★,「点滴静注」と「静脈内注射」では、使用する薬剤や調製方法が異なる場合がある。,〇,投与経路の違いは安全性に直結するため、処方箋の指示を正確に読み取ります。,注射室業務マニュアル,AI
内規,注射室業務,〇×問題,★★★,システム上の「在庫数」と実際の「現物数」が合わない場合、その場ですぐにシステム数を書き換えて終わらせる。,×,原因（入力漏れ、過誤、紛失等）を調査し、適切に修正・報告する必要があります。,注射室業務マニュアル,AI
内規,注射室業務,4択問題 (単一選択),★,注射室業務における「5R（確認の5原則）」に含まれないものはどれか。,4|正しい患者|正しい薬剤|正しい用量|正しい価格,5Rは「患者、薬剤、用量、経路、時間（目的）」などが基本です。,注射室業務マニュアル,AI
内規,注射室業務,〇×問題,★★,「劇薬」の文字は、容器の外面に「白地に赤枠、赤字」で記載されている。,〇,法的な表示ルールについての記述です。,注射室業務マニュアル,AI
内規,注射室業務,〇×問題,★★★,「治験薬」の調製は、専門のトレーニングを受けた者だけが担当できる。,〇,プロトコルの遵守と特殊な管理が必要なためです。,注射室業務マニュアル,AI
内規,注射室業務,4択問題 (単一選択),★★,注射室の換気扇や空調が故障した場合、最初に行うべきことは。,1|リーダーに報告し、環境への影響を確認する|窓を全開にする|我慢して作業を続ける|家に帰る,温度管理が必要な薬品への影響を考慮した対応が必要です。,注射室業務マニュアル,AI
内規,注射室業務,〇×問題,★★,「返却」された注射箋に血痕が付着していた場合、感染防止のため直接触れずに適切に廃棄する。,〇,バイオハザードへの対策としての基本動作です。,注射室業務マニュアル,AI
内規,注射室業務,〇×問題,★★★,「自動払い出し機」のメンテナンス（清掃等）は、月に1回、メーカー担当者立ち会いのもと行う。,〇,設備の安定稼働のための保守点検規定です。,注射室業務マニュアル,AI
内規,注射室業務,4択問題 (単一選択),★,注射室業務において、最も避けるべきことはどれか。,1|思い込みによる作業|手順書の確認|質問すること|丁寧な文字を書く,「だろう運転」的な思い込みが医療過誤の最大の原因となります。,注射室業務マニュアル,AI
内規,注射室業務,〇×問題,★★,「輸液ポンプ」の設定に関する問い合わせが看護師からあった場合、薬剤師が答えられる範囲で回答する。,〇,医薬品だけでなく、投与デバイスに関する知識も提供が求められます。,注射室業務マニュアル,AI
内規,注射室業務,〇×問題,★★★,「特定用途」のアルコール（消毒用以外）の使用量は、税務署への報告が必要な場合がある。,〇,アルコール等の物品管理における法的な側面です。,注射室業務マニュアル,AI
内規,注射室業務,4択問題 (単一選択),★★,注射室の「休憩時間」の交代ルールとして正しいものは。,1|業務が途切れないよう、順次交代で取る|全員で一斉に取る|取らなくてもよい|リーダーが決めるまで待つ,継続的な薬剤供給体制を維持するための運用です。,注射室業務マニュアル,AI
内規,注射室業務,〇×問題,★★,「有効期限」が切れた薬剤を、練習用のデモ薬として調剤棚に残しておくことは禁止されている。,〇,誤って実務で使用するリスクを避けるため、練習用は明確に区別して保管します。,注射室業務マニュアル,AI
内規,注射室業務,〇×問題,★★★,「院内製剤」の注射薬を調製する場合、品質管理のためのロット毎の試験記録が必要である。,〇,院内で製造する薬剤に対する品質保証の規定です。,注射室業務マニュアル,AI
内規,注射室業務,4択問題 (単一選択),★,注射室での「報告・連絡・相談（ホウレンソウ）」の相手として適切なのは。,3|通りすがりの人|患者の家族|リーダーまたは担当薬剤師|誰でもよい,責任体制に基づいた正確な伝達が重要です。,注射室業務マニュアル,AI
内規,注射室業務,〇×問題,★★,「粉末」の注射剤を溶解する際は、完全に溶解して澄明であることを確認してから払い出す。,〇,不溶物による血管事故等を防ぐための必須確認事項です。,注射室業務マニュアル,AI
内規,注射室業務,〇×問題,★★★,「麻薬」の残液処理は、原則として2名以上の職員が立ち会い、適切に廃棄・記録する。,〇,規制薬物の不正流用防止のための厳格なルールです。,注射室業務マニュアル,AI
内規,注射室業務,4択問題 (単一選択),★★,注射箋の「印字」が薄くて読み取りにくい場合、どう対応すべきか。,1|トナーを交換するか、再印字して確実な情報を得る|勘で読む|ボールペンで上書きする|そのままにする,誤読を防ぐために、鮮明な情報を得る努力が必要です。,注射室業務マニュアル,AI
内規,注射室業務,〇×問題,★★,「点滴バッグ」に薬剤を注入した後は、混和を確実にするために数回転倒混和する。,〇,濃度不均一による投与事故を防ぐために必要です。,注射室業務マニュアル,AI
内規,注射室業務,〇×問題,★★★,「物流システム」のマスター登録は、新しい薬品が採用される度に薬剤科のシステム担当者が行う。,〇,システムの整合性を維持するための管理業務です。,注射室業務マニュアル,AI
内規,注射室業務,4択問題 (単一選択),★,注射室業務マニュアルの保管場所（閲覧場所）はどこか。,1|誰もがすぐに参照できる指定の場所（または共有フォルダ）|リーダーの自宅|鍵のかかった金庫|食堂,業務中に不明点があればすぐに確認できるようになっている必要があります。,注射室業務マニュアル,AI
内規,注射室業務,〇×問題,★★,「アレルギー」歴のある患者の注射処方が来た場合、医師が処方していても薬剤師が再度確認を行う。,〇,二重のチェック機能として薬剤師が職能を発揮すべき場面です。,注射室業務マニュアル,AI
内規,注射室業務,〇×問題,★★★,「サンシステム」のデータバックアップは、毎日深夜に自動で行われるよう設定されている。,〇,データの安全性確保のためのシステム運用の規定です。,注射室業務マニュアル,AI
内規,注射室業務,4択問題 (単一選択),★★,注射薬の「廃棄」において、環境負荷を低減するために守るべきことは。,1|排水溝にそのまま流さない（特定の薬剤）|何でも燃えるゴミに捨てる|全部トイレに流す|庭に埋める,環境汚染防止のための適切な廃棄手順を遵守します。,注射室業務マニュアル,AI
内規,注射室業務,〇×問題,★★,注射室の「窓」は、防犯および温湿度管理のために原則として閉鎖・施錠しておく。,〇,施設のセキュリティと薬品管理のための基本です。,注射室業務マニュアル,AI
内規,注射室業務,〇×問題,★★★,「災害用備蓄薬」のリストは、半年に一度見直し、期限の入れ替えを行う。,〇,いざという時に確実に使用できるようにするための管理規定です。,注射室業務マニュアル,AI
内規,注射室業務,4択問題 (単一選択),★,注射室で働く上での「安全靴」や「適切な履物」の重要性は。,2|ファッションのため|転倒や落下物によるケガを防止するため|背を高く見せるため|音を立てるため,労働安全確保のために適切な履物の着用が推奨されます。,注射室業務マニュアル,AI
内規,注射室業務,〇×問題,★★,「返品」を受け付ける際、処方箋の束と実物が一致しているか、1件ずつ照合する。,〇,返品処理のミスを防ぎ、在庫を正確に戻すために必要です。,注射室業務マニュアル,AI
内規,注射室業務,〇×問題,★★★,「治験薬」の管理簿には、投与された患者のイニシャルや治験番号を正確に記録する。,〇,治験の信頼性を担保するための厳格な記録義務です。,注射室業務マニュアル,AI
内規,注射室業務,4択問題 (単一選択),★★,注射室の「掲示板」を毎日確認する目的は何か。,1|最新の業務連絡や薬品の変更情報を把握するため|ポスターを眺めるため|時間を潰すため|落書きするため,情報の周知徹底はミスの防止に直結します。,注射室業務マニュアル,AI
内規,注射室業務,〇×問題,★★,「注射器（シリンジ）」のキャップを外す際、リキャップ（再度キャップをすること）は針刺し防止のため原則禁止である。,〇,標準予防策における重要な安全ルールです。,注射室業務マニュアル,AI
内規,注射室業務,〇×問題,★★★,「電算システム」の更新作業中は、マニュアルに定められた「手書き運用」へ一時的に切り替える。,〇,システムダウン時でも医療を止めないための継続計画です。,注射室業務マニュアル,AI
内規,注射室業務,4択問題 (単一選択),★,注射室業務マニュアルを読み終わった後、すべきことは何か。,1|内容を理解し、日々の業務で実践する|すぐに捨てる|内容を忘れる|他人に貸し出したままにする,マニュアルは実行されて初めて価値を持ちます。,注射室業務マニュアル,AI
